archivo,duration,rms,tempo,zcr,spectral_centroid,spectral_bandwidth,spectral_rolloff,spectral_contrast,mfcc_1,mfcc_2,mfcc_3,mfcc_4,mfcc_5,mfcc_6,mfcc_7,mfcc_8,mfcc_9,mfcc_10,mfcc_11,mfcc_12,mfcc_13,chroma_1,chroma_2,chroma_3,chroma_4,chroma_5,chroma_6,chroma_7,chroma_8,chroma_9,chroma_10,chroma_11,chroma_12,tonnetz_1,tonnetz_2,tonnetz_3,tonnetz_4,tonnetz_5,tonnetz_6
02 Maroon.mp3,218.30530612244897,0.26928565,[107.66601562],0.03042256530359232,2131.4290711080894,3054.294473133084,4833.956751430879,21.985519281933755,-165.31206,139.87862,7.6293664,42.741646,10.346691,33.692978,-9.758002,22.47074,3.2241497,5.0025463,8.387075,4.0025067,2.7629275,0.5200995,0.53732765,0.5893381,0.55860895,0.5604239,0.55980134,0.65831393,0.7782732,0.60163504,0.5314221,0.50699544,0.51839453,0.27589791571481526,0.2101275116082597,0.17525360615939053,0.011637633467504483,0.04973766095282391,-0.05794365477220594
03 Anti-Hero.mp3,200.72489795918366,0.25160348,[97.50884434],0.04246968081260844,2270.523020299666,2887.932363875964,4680.853820059464,20.961313413854352,-116.05038,154.35641,-23.276833,37.63363,-1.0105311,21.586977,-9.602837,16.407171,0.21989788,2.3157306,7.267859,2.5925832,1.9287477,0.50528175,0.46285793,0.4351224,0.5254754,0.5774314,0.5101651,0.5608192,0.44525185,0.48166814,0.46169809,0.50663537,0.5968166,0.06730080000373792,-0.2011245330553123,-0.039244391512989744,0.05613681507055003,0.023695294927912832,-0.028361863604633105
04 Snow On The Beach.mp3,256.1567346938775,0.19127607,[109.95678191],0.026679090869176032,1691.9232172226737,2516.5622456556343,3338.8312789994447,21.88512925847141,-205.33786,153.48877,3.8351996,28.807653,-0.15427369,13.351848,-5.3962927,7.980492,-0.75890505,1.0999047,8.081969,-3.092818,0.65435576,0.4460771,0.48411134,0.4647597,0.48060122,0.56535083,0.47993612,0.4482879,0.3964055,0.5071849,0.61590415,0.4995235,0.5308776,0.1409400100511583,-0.18812769240061283,-0.09808567877830557,-0.042389216576875964,0.013690805618139183,-0.021691134498874873
"05 You_re On Your Own, Kid.mp3",194.2465306122449,0.26124185,[120.18531977],0.02168278667934198,1637.7018893995128,2600.810313153941,3373.619236810453,21.88374132612952,-183.35786,155.48424,8.347482,48.490963,10.176727,21.202002,-5.332869,16.355835,2.1735356,2.572069,11.648215,0.5104919,4.4574695,0.50609636,0.6496451,0.76968014,0.6646027,0.5305125,0.47555715,0.51643854,0.48781243,0.4405901,0.48633417,0.4505545,0.4627478,0.12828949588989288,0.005553254833690444,0.06557809971007579,-0.1404254687528243,0.006879003712285868,0.00927666663444984
06 Midnight Rain.mp3,174.83755102040817,0.22622526,[69.83741554],0.021928107880976096,1485.5905953054132,2261.139587262622,3117.4973640593876,21.791954939498446,-223.94078,145.4855,27.482918,46.260887,14.55525,20.00001,-7.361706,8.451944,-2.2192729,-1.3445,2.4177885,0.5550474,2.3210504,0.6959849,0.58192915,0.5315281,0.48288134,0.52261496,0.4621581,0.4337943,0.49192542,0.4794554,0.5107741,0.48510715,0.5321593,0.10761551598013021,0.22397752554171174,-0.02710314444954241,0.08605103073214955,0.020835247251715833,0.05735088513843214
07 Question..._.mp3,210.59918367346938,0.27299824,[109.95678191],0.034210292559605844,2329.943268677962,3246.795425287483,4955.763425311811,21.17454623630477,-152.00761,137.40207,10.086076,43.65381,0.3719669,22.74492,-11.021409,13.872025,-1.7981855,4.992263,7.440259,2.6438804,3.5184476,0.63413066,0.5752357,0.61859727,0.5275779,0.4897196,0.45831263,0.46074164,0.571194,0.51935154,0.53835803,0.49796456,0.5374438,0.23037273001192565,0.2583915535216645,0.013596903186606805,0.018097727757958437,-0.0009585735102643555,0.05274949134792988
08 Vigilante Shit.mp3,164.85877551020408,0.24522974,[79.50721154],0.03164887764084507,2095.6930301682855,2809.2914818167483,4317.143369003081,21.41162651519188,-245.11806,111.23257,9.316516,47.537605,13.297338,21.390812,-0.15462175,18.21852,2.3968992,8.446418,13.008941,2.2096572,4.6651,0.7065769,0.64027315,0.60051274,0.58775336,0.60174793,0.5544045,0.5123089,0.5091024,0.5170913,0.57968247,0.633064,0.6825614,0.20894748347673522,-0.007158654827158944,-0.14943534321954696,0.17688207429218014,0.022071269890890616,0.044278496307697805
09 Bejeweled.mp3,194.22040816326532,0.20545566,[109.95678191],0.04472366124133242,2717.2462492591817,3449.6688806234997,6077.132276263337,21.470014068495345,-160.70494,124.27087,-9.0519,30.772257,-1.467891,22.54511,-7.386865,14.814561,-0.4345337,5.3453946,2.542789,3.6885571,0.71471906,0.6584042,0.5747806,0.62364423,0.5022196,0.47631484,0.39781085,0.3726851,0.4609703,0.39118242,0.41619036,0.4306139,0.5513497,0.178344557584096,0.15389897311246506,0.020807501612824807,0.005621339651870684,0.005189116939038142,0.013575317442033136
10 Labyrinth.mp3,248.0065306122449,0.11677878,[109.95678191],0.028861028783587678,1512.2569930311827,2201.356185960038,2888.891587848019,22.224159409610717,-239.80269,163.75194,8.769693,9.056903,-2.4189475,10.506753,-5.439651,5.7361135,-2.1581602,-6.0314746,2.4964464,-1.7984611,-0.80061156,0.68397075,0.4366598,0.3164423,0.2759062,0.4218554,0.43721378,0.31252643,0.42416325,0.27218887,0.25330666,0.24377353,0.4136915,0.07459372101016751,0.23663997384030297,-0.119958782379177,0.18795639566553163,-0.025789353124939837,0.026326430500430622
11 Karma.mp3,204.90448979591838,0.23571953,[90.66611842],0.050185519210339945,2782.0434745365274,3311.5268920224953,6080.727680152267,21.665104898714418,-126.55092,127.26038,-16.614649,36.30063,-5.2444615,28.720047,-14.307633,15.093764,-2.6223254,7.986989,5.9655585,4.911861,-1.0147358,0.40102506,0.3851373,0.41011336,0.47388396,0.4037578,0.42663398,0.38068742,0.49396873,0.5677195,0.5114691,0.6231905,0.46991563,-0.1808413550127288,-0.012108369465374358,-0.05114016292871323,0.02739740320731997,0.043842618377666814,-0.03327283147573418
12 Guilty as Sin_ (Live From Stockholm).mp3,266.68408163265303,0.13668527,[105.46875],0.05728456702200601,2404.0661702208777,2648.9420117429518,4701.273529582816,22.6447747938453,-154.82748,155.05717,-50.626835,31.033798,-15.643718,13.43802,-17.057442,3.2590723,-0.8248965,-9.584595,0.37963927,-3.0125382,-10.8141165,0.30302736,0.38534057,0.5245705,0.43782547,0.39817783,0.29702088,0.32473946,0.31824318,0.36829484,0.46908695,0.36661103,0.36770505,0.24524436285863993,-0.03937064514630326,0.006722426081936507,-0.09864852546880193,-0.021190961519253204,-0.006062916032572828
12 Sweet Nothing.mp3,188.55183673469386,0.13413748,[117.45383523],0.02893528651445416,1549.5305344497017,2277.443277446445,3173.259086883697,23.50363003074975,-276.4224,157.99883,36.474575,41.300167,2.4841676,16.021542,-10.776519,12.02093,-11.631242,-5.9795036,5.5479026,-7.6186886,-2.024282,0.49826035,0.39271078,0.37934694,0.4133607,0.5795238,0.51654357,0.33632177,0.41192043,0.30137557,0.276642,0.24376251,0.33154798,0.20621866263347938,0.24943946876976314,-0.041234369075869554,0.22003409636251248,0.02226059231011899,-0.01148367766659337
13 How Did It End_ (Live From Stockholm).mp3,247.56244897959184,0.119224384,[147.65625],0.045376999654145565,1900.6783716320185,2256.352656544278,3721.4886546738708,22.9736293061853,-208.46928,172.45723,-22.11912,28.397985,-12.000321,4.3637953,-11.004833,1.0171576,-1.0095029,-10.812759,-4.000582,-4.2451177,-8.3531065,0.43847317,0.41256428,0.39991805,0.49425018,0.5605929,0.43403065,0.39550084,0.39469406,0.5327,0.3755927,0.3666772,0.44421938,-0.031986842589739974,-0.281702942717146,0.12026897755444202,0.15259658013477195,0.0014539985668983039,-0.021280301108199257
13 Mastermind.mp3,191.0857142857143,0.26579508,[126.04801829],0.018877221903669725,1422.2634594214335,2370.6533759786266,2853.580496778928,22.289955300953626,-224.10907,148.14845,21.841616,45.1328,14.12432,20.551655,-3.5882537,13.887144,2.0378346,1.2560745,11.585988,-0.78023374,4.3416047,0.5954046,0.53714776,0.5206507,0.59953105,0.6743048,0.5422964,0.46312657,0.4680505,0.57981455,0.5869397,0.5744412,0.63768333,0.13274156013243374,-0.13234975163069854,-0.022673316458012138,0.10651463049155994,0.027887347841004825,-0.011676853974650967
14 Peter (Live From Stockholm).mp3,274.625306122449,0.12583688,[178.20581897],0.04165324951120271,1812.5997904504818,2205.2866012035684,3542.317053988982,22.653844006206594,-205.33046,174.85103,-20.70901,25.369904,-7.8371196,4.306545,-14.186961,-2.531722,-4.6979933,-10.5958395,-0.6610259,-2.3368368,-4.82963,0.663276,0.49155298,0.40678224,0.3531967,0.44244808,0.33345395,0.25837716,0.31046882,0.28684676,0.3402735,0.32924348,0.4592666,0.19571949064766056,0.2115829307454809,-0.004754812111265074,0.12281255967888678,-0.015088577005608086,0.029317812315827932
14 The Great War.mp3,240.40489795918367,0.22201031,[95.703125],0.04718531927609021,2645.6617297850926,3425.798547332475,5974.7749336350635,21.84686013517719,-120.78692,144.25858,-12.0124035,37.977295,-7.981846,21.643744,-17.158426,17.609024,-6.2435393,4.9767256,2.1770172,-0.13455872,-2.2477984,0.5544914,0.40720087,0.41900647,0.35261214,0.32951266,0.46703514,0.36856163,0.41319954,0.34296244,0.42473772,0.5435316,0.45136768,-0.03487884680772503,0.14697658401985214,0.032777454310521176,0.012016054121042499,0.004828576222657171,-0.014172999543035601
15 Bigger Than The Whole Sky.mp3,218.5665306122449,0.16785082,[109.95678191],0.020316348982125785,1287.5777294644504,2297.5712240280286,2388.6528531435915,20.678381518413442,-240.74193,165.8341,33.59131,39.050014,12.826042,17.071974,-5.5312257,12.84788,0.024283187,4.6514263,9.703103,-1.4115545,2.899367,0.49691185,0.50767916,0.4778781,0.48947287,0.47594246,0.51006657,0.58492637,0.5752092,0.6286027,0.5557983,0.5603918,0.52149695,-0.1608815254822735,-0.29309111242422875,0.004822344976449132,-0.010623233894046359,-0.03541525428381341,-0.011402431773999657
15 The Albatross (Dancing With Our Hands Tied - Live from Dublin).mp3,327.552,0.13064119,[156.25],0.053471797508466576,2375.5536019538035,2647.221097074407,4600.985256765118,22.406836194457757,-163.18248,162.3868,-51.174744,35.165295,-8.829443,10.850904,-16.444777,-3.36319,0.28847027,-10.32645,1.095213,-2.7119129,-7.2628465,0.3076996,0.26767075,0.42369086,0.5443697,0.41559318,0.38900054,0.32772556,0.40432465,0.3582676,0.3504378,0.46491343,0.33810014,-0.1854473028524293,0.16650900755109943,0.09395757787430432,-0.014278948889383131,0.008336070992048254,-0.008226221660595614
16 High Infidelity.mp3,231.52326530612245,0.22120585,[117.45383523],0.04217553169817471,2210.588274578124,2994.4374041662245,4815.923230591371,21.580371442796707,-156.68059,156.90257,5.0489883,35.893093,-16.318737,22.783154,-19.815418,10.418166,-5.590937,-4.652485,4.720664,-3.5912113,-1.5800629,0.5615162,0.44292462,0.46024507,0.38462812,0.29782143,0.36850256,0.2928176,0.31841382,0.2835896,0.39427435,0.5506532,0.47268143,-0.03771909292787981,0.14923585143552437,0.004129621037455994,-0.059551068587665235,-0.010186971091936324,-0.0029680444267653496
16 I Hate It Here (The Lakes - Live from Cardiff).mp3,323.88,0.12956803,[181.4516129],0.04515020807432321,2136.662128852072,2482.6440098947005,4149.489578530497,22.81319311990985,-190.7848,169.59395,-40.708965,24.749897,-13.663293,2.3127835,-19.818485,-8.756306,-4.5770144,-17.9126,-4.8888597,-6.3610587,-8.248608,0.35888156,0.2980589,0.41187304,0.47472602,0.29867765,0.31313732,0.30005336,0.40899608,0.2979294,0.30578372,0.4169181,0.34431443,-0.13522043827992797,0.24006610189460273,0.1408073750105764,-0.04698615281805016,0.028653628760635687,0.012527547120271779
17 thank You aimEe (Mean - Live from London)(1).mp3,350.472,0.11853705,[82.72058824],0.058750873220508565,2531.71620077076,2728.0506549802526,4962.682514380497,21.98111760643752,-160.89386,159.0833,-54.62863,35.823803,-11.802047,9.930515,-16.439552,-1.4300177,0.47799936,-7.0586367,0.039967414,-3.9999604,-5.9108725,0.3372939,0.38296923,0.53803194,0.40294468,0.27243456,0.2718147,0.43842077,0.5691402,0.4669443,0.48325405,0.3593431,0.3801643,0.24089955201833935,0.12934476538217793,0.12429320361680295,-0.10233158095294119,0.009610678053960828,-0.027871333559375874
17 thanK you aIMee (Mean - Live from London).mp3,350.472,0.11853705,[82.72058824],0.058750873220508565,2531.71620077076,2728.0506549802526,4962.682514380497,21.98111760643752,-160.89386,159.0833,-54.62863,35.823803,-11.802047,9.930515,-16.439552,-1.4300177,0.47799936,-7.0586367,0.039967414,-3.9999604,-5.9108725,0.3372939,0.38296923,0.53803194,0.40294468,0.27243456,0.2718147,0.43842077,0.5691402,0.4669443,0.48325405,0.3593431,0.3801643,0.24089955201833935,0.12934476538217793,0.12429320361680295,-0.10233158095294119,0.009610678053960828,-0.027871333559375874
"17 Would_ve, Could_ve, Should_ve.mp3",260.41469387755103,0.26639667,[156.60511364],0.03893038913083456,1958.1310940320286,2757.6951308375924,3906.261859285141,20.964077515858573,-114.79807,171.44151,-15.539466,36.159405,-5.9986095,29.529951,-15.067056,15.0181265,-0.9456309,0.5937574,4.6626654,1.1688268,-1.0851727,0.42029455,0.36723635,0.4285301,0.35039127,0.3577601,0.31313035,0.39370066,0.51976645,0.46100098,0.5277796,0.44613102,0.5117815,0.10589198589985441,0.04716337843014962,-0.004484982172690401,0.053477214164984965,0.0056882052231060996,-0.004041836072089916
18 Dear Reader.mp3,225.2538775510204,0.20057276,[107.66601562],0.02385443410312081,1647.114759004938,2528.434978938538,3586.4769523800705,21.82402702485596,-227.22392,137.63052,27.180101,42.267517,10.157897,18.810207,-3.1645324,14.850846,-0.49307784,1.021675,8.915741,1.0959659,1.3599174,0.6971453,0.61657923,0.61372113,0.51216424,0.45982462,0.4194429,0.44161126,0.5718005,0.49284858,0.4663294,0.43075788,0.51954424,0.14845465814922792,0.2372478345157275,0.01714513716120146,0.02977621962802395,0.025081254349691672,-0.01214357410820038
18 The Bolter (Getaway Car - Live from Edinburgh).mp3,308.904,0.14575334,[92.21311475],0.05165988648135359,2253.5753047646967,2529.1183737369365,4374.773664105663,22.011677973986625,-145.72997,169.55656,-52.145287,30.772532,-9.435819,11.8306,-9.014716,-0.21557158,3.8721447,-9.316592,1.2100761,-0.85963464,-3.7474482,0.50541425,0.48616573,0.48971415,0.40913433,0.37807366,0.37750575,0.42515582,0.48972806,0.3650428,0.35142845,0.30961058,0.37387758,0.13039386619820661,0.17694817524164222,0.005550464210023281,0.04720727704313919,-0.011176100227157726,-0.001955859007895759
19 You_re Losing Me (From The Vault).mp3,277.89061224489797,0.20008254,[103.359375],0.027302420713047292,1694.6932908819197,2522.4808127864453,3424.4729006354182,21.277174547980263,-235.72879,134.61412,21.593359,41.318115,8.528901,12.796777,-4.2358084,11.061998,-0.7591866,-0.4248143,5.3294125,-0.9615614,4.683295,0.6784407,0.566702,0.5231985,0.5050088,0.5797359,0.5292425,0.43974134,0.47986558,0.43507373,0.45597816,0.43646836,0.5225474,0.07121104452416971,0.11603462760255134,-0.04172884149324806,0.06260894510366358,0.0033810247349478676,-0.004545892781898012
20 Snow On The Beach (Feat. More Lana Del Rey).mp3,230.0081632653061,0.19415514,[109.95678191],0.03270133788865334,1847.973731369752,2620.6113819142033,3743.6830055056594,21.38506594028892,-175.4088,162.23822,-3.507734,36.95209,-0.9253253,18.14517,-6.1701255,9.166307,-3.9267774,-0.30194104,7.0055814,-4.9299164,-1.0985948,0.4227591,0.46901193,0.408915,0.3974744,0.44680193,0.39731976,0.41280726,0.36896467,0.4847375,0.5634629,0.45957825,0.47698477,0.11665084286645466,-0.18159786280598694,-0.09438402570637006,-0.026928694898820334,0.009333041178719848,-0.014141516271475654
20 The Prophecy (Long Story Short - Live From Lyon).mp3,304.296,0.13531013,[79.22535211],0.04537885134232158,2251.7399306686775,2622.9449734234963,4548.2905500736115,22.9295607715402,-171.18488,160.85674,-38.902176,33.73503,-3.6350636,11.425332,-8.95288,0.9201,6.4596543,-11.884321,0.62106854,-3.6905074,-7.0129743,0.6726637,0.5012148,0.36690953,0.25278533,0.26449072,0.30044043,0.38458732,0.4875669,0.3899894,0.34492743,0.3168906,0.4629348,0.12459623401511663,0.2629565329297,0.0644373611491522,0.1451415830419355,0.016842792490041204,0.028086969253053228
21 Karma (Feat. Ice Spice).mp3,201.534693877551,0.25680152,[90.66611842],0.052040334354657526,3011.8105178369474,3559.472206330674,6746.189170040577,21.627830855607566,-110.39177,124.68992,-15.875201,37.738506,-5.5684896,30.740765,-15.084929,16.900442,-3.5176818,9.44944,5.152689,6.255907,-0.5841902,0.40108955,0.3846019,0.41876572,0.465566,0.40520427,0.43387228,0.40073326,0.5132994,0.57929635,0.54204035,0.6176071,0.4407249,-0.19368351337077763,-0.03959372618492858,-0.06508697601559352,0.04433038217895757,0.043359281714968535,-0.027928361272633654
3 Fresh Out The Slammer (Acoustic Version).mp3,202.66666666666666,0.1405532,[87.59269068],0.03980318716166867,2195.884764983592,3027.3216687798326,4768.265528333906,21.9860679685609,-226.36916,136.14111,14.581889,46.653164,0.49141082,28.673262,-8.983526,11.856148,-3.3143888,-1.2508388,5.394656,-2.924691,-4.333754,0.33812597,0.3113997,0.2852765,0.29306006,0.3764384,0.34560114,0.3794513,0.34671813,0.48319033,0.6236207,0.52405775,0.45127162,0.2901252912211199,-0.1117292622455413,-0.18671370654219882,-0.08723456747109964,-0.026344851531735044,0.06377349776676418
4 Guilty As Sin_ (Acoustic Version) - Taylor Swift.mp3,250.46204081632652,0.17105007,[95.703125],0.052236293723057846,2788.318846440417,3559.080705320189,6152.016370254705,22.62910341709327,-160.2202,135.58807,1.4062904,35.337883,-3.8944895,25.473774,-16.67094,12.949655,-3.5755749,-0.43724376,5.242616,-0.2645762,-8.336523,0.28403705,0.41478348,0.5159057,0.4378991,0.43895534,0.34707722,0.411615,0.37849516,0.38221186,0.44464234,0.3372403,0.34497237,0.22873346510996292,-0.020721656801876563,0.028138045167185318,-0.13097441345371674,-0.006600177738772929,-0.021799877285420426
6 Who_s Afraid of Little Old Me (First Draft Phone Memo).mp3,336.58775510204083,0.18354829,[123.046875],0.028435898669244963,1036.7092517924586,1320.6584883696817,1975.675843093569,24.118146250077615,-235.40091,220.20338,-2.5672033,19.655584,22.648788,-6.995169,-1.83933,-1.6493863,-5.5847054,-3.633996,-0.6974052,4.414903,-14.528634,0.5991191,0.463266,0.47593626,0.390982,0.42221788,0.37233353,0.24471219,0.20699517,0.20938803,0.2928072,0.30177596,0.4875947,0.12198907627660328,0.041816746735666176,-0.02001811915734708,0.04150797334625194,-0.04612697221315526,-0.02297263538333551
8 My Boy Only Breaks His Favorite Toys (First Draft Phone Memo).mp3,191.712,0.21204914,[95.33898305],0.026072898483573494,1206.7725726598562,1711.7670145314764,2200.2301936129966,22.477317247578046,-207.29584,205.70177,10.260598,20.773113,11.077086,3.2578042,-2.0288122,0.48774874,-3.861144,-3.6402123,-1.8704051,3.7354195,-8.893036,0.73509234,0.47522023,0.35098553,0.30033416,0.35288098,0.31910792,0.31332803,0.35590824,0.32100996,0.4132539,0.4193189,0.56778675,0.13701162262698763,0.18947739032112246,0.03361072323737231,0.14335161415524086,-0.021069545200078633,0.014913217260388445
Aby Ngana Diop - Dieuleul Dieuleul [Senegal].mp3,276.3639002267574,0.24705555,[156.60511364],0.057553416594465445,2744.5508518633114,2974.425019813794,5807.605741965974,21.94534467014883,-115.191765,132.43823,-44.514053,72.79975,0.23313515,29.547213,1.1993393,11.732877,4.4429297,10.539918,3.2434363,0.6801055,7.6886806,0.5437402,0.50203335,0.47513968,0.47741136,0.5866416,0.655178,0.53161657,0.5459393,0.49852827,0.5237902,0.53311974,0.5175153,0.061155932794194554,0.02072952711357673,0.06379179877898623,0.10152602508044813,0.009150305640599796,-0.006454489407003603
Adalberto Santiago - La Noche Mas Linda.mp3,343.3545351473923,0.09349367,[101.33272059],0.07940942320900253,2968.2847329121178,2968.5286969685235,5706.564580251479,21.96957279703992,-180.14404,140.62602,-55.100857,32.191254,-11.862639,20.129574,-14.878818,9.046397,-7.1653833,0.76598626,-7.5582786,2.256833,-0.4529916,0.42883095,0.3638689,0.44817978,0.3452501,0.37845075,0.37488627,0.35034323,0.38994265,0.34088725,0.49452436,0.452538,0.38374025,0.13222441484000572,0.13716768003613355,-0.049407036162106704,-0.05103711238066373,0.00889375402646736,0.006327649829373905
Agrupacion Ilegal Los Imparciales - Norwegian Wood.mp3,230.85278911564626,0.2285185,[107.66601562],0.056125062861453356,2422.089014252949,2777.7295940524814,5172.946780413157,22.49348630144972,-113.19658,158.5536,-42.567772,32.456543,-21.3125,29.177282,-2.8325453,11.182546,4.6959476,6.643975,7.43114,7.2773237,9.104446,0.35158092,0.3637667,0.3861504,0.4031678,0.41496575,0.39450693,0.4699178,0.39139244,0.5213074,0.43502504,0.34685338,0.41954467,0.14053338662944115,-0.06582766335825038,-0.03512922626479091,0.057497705118639324,-0.019120455080292916,-0.041108900215400646
Alan Cosmos - Onua Gyae.mp3,363.51303854875283,0.19644706,[109.95678191],0.06774551076299064,3349.604198286099,3595.455311259544,7089.011608714789,21.80470708219498,-140.91718,113.00321,-20.300413,41.766777,-11.438315,23.76964,-6.8822603,3.849535,-8.392604,2.7564023,-6.206233,-2.0524077,-3.5864315,0.56400555,0.52145684,0.4859965,0.52651167,0.4523178,0.46288922,0.3686733,0.4124841,0.4611443,0.40546113,0.4286304,0.4640032,-0.014327217671822837,0.05052514237396784,0.014402975882536027,-0.011607364051263263,-0.00960974338932388,-0.013992286401205837
Alejandro Bernal - Martha Cecilia (Instrumental).mp3,152.97306122448978,0.13214758,[83.35433468],0.0861335610225203,3208.277325048851,2744.0856780280146,6300.186760074372,22.565369950573828,-174.87834,124.815125,-48.477776,70.42757,-25.32272,10.939734,2.256937,-2.232022,13.882241,-0.0752774,9.342565,-2.8383434,4.329898,0.45308903,0.40983698,0.44641924,0.39434493,0.47734368,0.46149766,0.37757245,0.45488206,0.34982845,0.33998066,0.36671734,0.45582435,0.10085391112813402,-0.07581229528039987,0.12236658391282848,0.08210986632275741,0.015985420893264327,-0.02849326407551936
Alfio Scandurra - Qu'est ce qui ne va pas _.mp3,218.93925170068027,0.17172022,[107.66601562],0.07010455712595451,2963.810039696704,3208.721432009865,5935.510172344794,21.12246988929184,-135.11682,139.46219,-37.421173,27.738144,-2.9901166,24.208355,-4.608634,12.540075,-5.053044,3.8450537,-3.8376448,5.4766684,-4.590686,0.59034103,0.47509104,0.43301073,0.54681957,0.5346794,0.55460536,0.43534946,0.49570924,0.51459914,0.4538182,0.45011723,0.4429825,-0.06508681894377791,0.005331940811988615,-0.039461033324496624,0.02934773544578821,-0.0038597190742649294,0.010244776256630533
Alma Africana - Caliventura.mp3,213.04308390022675,0.2028722,[103.359375],0.10691401034855048,3720.4423437158366,3031.9885470277127,6915.868518000551,22.11300650001679,-139.03023,107.64517,-46.089443,62.74167,-25.031971,19.2925,-3.1021597,14.800873,9.48159,-4.886665,6.2867627,-1.2462465,2.4897463,0.50023633,0.4267848,0.43300453,0.49166065,0.5792504,0.51015764,0.46165007,0.50047773,0.4746231,0.48734716,0.49130023,0.48628375,0.007163928499990066,0.06636260418554663,-0.061647409920203976,0.07346308616040073,-0.005226705606350679,-0.02378979431894034
Altin Gün - Goca Dünya.mp3,240.09333333333333,0.20562987,[97.50884434],0.05497359786780706,2596.43888263432,3061.0253475748314,5433.125989312591,21.96808912924781,-145.88213,138.49721,-22.707281,31.825146,0.9988872,24.010551,-2.5575595,4.256471,4.5915647,5.4251475,0.89365745,8.595074,-2.688801,0.48163745,0.39277345,0.38411337,0.43571594,0.4994757,0.42413813,0.4331679,0.40793675,0.38223723,0.42940158,0.4334679,0.5188376,0.1421749452653063,-0.06568151555735882,-0.008701952996159812,0.05213687306905444,0.01016686973299315,0.033261822920383925
"Anamía - Quizás, Quizás, Quizás.mp3",208.8712244897959,0.195892,[126.04801829],0.07894265600682286,3142.3250408122863,3286.2400782295317,6606.97822055559,21.282782802200764,-108.45974,129.67062,-33.690643,44.937557,-15.2252445,24.630264,-7.9040647,8.806412,-3.9193187,1.720943,-0.78239053,3.256832,-1.4982406,0.38340035,0.33576658,0.32934132,0.36063352,0.3803358,0.5505584,0.5145922,0.4518543,0.3831619,0.3999069,0.43713897,0.35922316,-0.03757692239855034,0.10040552608578868,-0.036566973937605274,-0.029272122086626214,-0.0049377192466043066,-0.000811322613299972
Bajofondo & Julieta Venegas - Pa' Bailar (Siempre Quiero Mas).mp3,218.96417233560092,0.2989574,[126.04801829],0.041439262896983194,2479.4347763096675,3149.539894156989,5486.178596148302,21.10113631543938,-108.13366,142.65787,-15.713505,41.74822,-5.951133,27.251566,-6.572717,13.537023,-1.7797414,6.4624825,-0.39262322,7.052049,-0.6452554,0.5619873,0.46729237,0.42784172,0.45825097,0.5434059,0.67380995,0.5649124,0.5217935,0.4971167,0.45342427,0.43950775,0.45268288,-0.050199181654173045,0.10685109206473976,-0.04010948338378714,0.0746317643183482,-0.012313771115950677,0.010649174654352766
Balkan Beat Box - Hermetico.mp3,308.7733333333333,0.19656962,[101.33272059],0.07152472117517672,3155.0697328086367,3425.1140609122035,6578.851001663196,21.28354859130391,-104.58756,131.91573,-38.060963,29.19168,-8.965356,19.168785,-8.030517,12.710733,-5.5438776,9.432184,0.6090368,9.524268,-3.4337585,0.41044295,0.4803672,0.47151673,0.41741112,0.44694033,0.5412243,0.65739834,0.5834408,0.49704596,0.45286366,0.49217674,0.47678834,0.007577074181743548,-0.11286394485063762,-0.02839521344734032,-0.17282372437530127,0.03534689323789912,0.045302997663406196
Banda Macho - La Noche Que Murió Chicago (The Night Chicago Died).mp3,189.16,0.15102404,[112.34714674],0.04745852201674032,2019.8954314128785,2376.2400343158233,3844.1545245178145,21.288111632310514,-180.6436,168.59996,-48.827095,26.377636,4.1347213,16.768316,5.1773095,6.5208516,7.206351,6.815607,-0.35013887,4.3216863,3.9303746,0.4931022,0.5254685,0.47608843,0.5226164,0.44790766,0.45796096,0.39419916,0.3728884,0.42803258,0.41578278,0.4654646,0.43798807,-0.07290556579835406,0.01887928194547948,-0.0061401441954502724,0.05631302607267521,0.007349843152856973,0.007344450178474949
Beck - Cellphone's Dead.mp3,285.791201814059,0.20908508,[107.66601562],0.06556258283147824,2865.927433463759,3194.924637402656,5954.616014212739,20.882098969091494,-133.24318,135.78891,-11.847155,45.896736,-13.648606,17.381472,-2.6673717,19.673021,-3.1385589,4.2510448,-0.32203594,-0.025406731,1.2264997,0.4763966,0.51850694,0.53685576,0.53146017,0.50664765,0.5541168,0.49691376,0.46189097,0.4814743,0.47612348,0.5451213,0.4785545,-0.05366690401745858,-0.0023490777224647653,-0.04238023353088266,-0.044363299235804475,-0.006875510849605572,-0.011458344895683361
Big Boi feat. Phantogram_Sade - CPU 2.0 _FREE DOWNLOAD_.mp3,283.9336281179138,0.16941601,[103.359375],0.06229857425149241,3092.759791280382,3554.944991252407,6895.145238166731,21.034449252970735,-151.90543,119.26432,1.9181446,57.472717,-10.740622,21.950579,-6.428401,11.649998,-4.4802365,5.208528,-0.20620355,1.5132864,1.4797975,0.47862032,0.41486964,0.41783786,0.46164408,0.5150843,0.5719081,0.5044077,0.5835202,0.6338518,0.51972425,0.50482035,0.46654743,-0.08507667432238017,0.060149874017717674,-0.03482394422951946,0.032646431387031015,-0.014540614798092308,-0.019600627308470512
Björk - Big Time Sensuality.mp3,236.64,0.11052803,[117.45383523],0.10108966993021146,4261.901168712363,4002.3652526694627,8799.695635705153,21.707368194639237,-202.25784,85.240814,-19.48452,54.934338,-7.031261,41.936806,-2.8608663,24.324701,3.7239528,12.212059,8.020497,8.09821,2.9853141,0.55955017,0.57160914,0.5760959,0.6219186,0.5762236,0.55952257,0.506188,0.5646225,0.5793848,0.5668157,0.6188597,0.5566699,0.006254576307343159,-0.02662641234455716,-0.027259164329886707,0.04360694607504755,0.007518559309294009,0.010464795503016195
Blackky - s Skank.mp3,313.28362811791385,0.114726685,[105.46875],0.09303180948327774,3484.948528243433,3324.785378319929,6938.115348370623,20.403186991812483,-157.12012,117.76953,-63.91616,38.18107,-10.921204,35.53699,-5.977024,20.12545,-5.364863,12.152843,-0.7141998,6.7972136,8.221157,0.5666579,0.48873967,0.53532606,0.6015217,0.5570564,0.5727923,0.53693146,0.58681554,0.5125407,0.48785025,0.5076874,0.49370936,-0.02769538922645158,0.04188150698720424,0.08189731047450612,0.08086534589655006,0.0022242732902539863,-0.02782469445879472
Boundary - Critica Veintena.mp3,365.90167800453514,0.19875242,[123.046875],0.052910665647706,2734.6449265801366,3255.4257223375225,6048.480467262708,20.698357314376477,-132.38564,150.172,7.4451613,39.580215,-13.901214,14.097296,-5.2159076,17.996532,-6.0852194,7.2049756,-4.2017384,7.21746,-2.9594603,0.52993023,0.65659046,0.565719,0.66572475,0.6080207,0.593816,0.6546411,0.52741563,0.6309535,0.56749517,0.62976855,0.60209244,-0.07032413346825302,-0.12581724809018774,0.0005418278907839044,-0.021563032333403058,-0.006437055001335191,0.015115312312032399
Buena Vista Social Club - Candela.mp3,331.4416326530612,0.12263023,[101.33272059],0.043542068707529163,2150.823007034684,2845.971414833353,4666.25243345323,21.334587404995677,-181.65952,162.71814,-23.987349,47.733227,-15.976934,26.709127,-11.082084,6.334598,-1.0061564,-6.961306,4.0339603,-8.7451725,9.922894,0.45837843,0.35530975,0.3570193,0.38912493,0.5273552,0.4099683,0.30342552,0.29174063,0.33684018,0.46069083,0.46477136,0.50945246,0.17794483547924023,-0.005588605215700141,-0.02540332744032242,0.00924389342036877,-0.02761213108971442,-0.003122729897516081
Buscabulla - Tártaro.mp3,223.48226757369613,0.1660278,[109.95678191],0.06847628348214285,3254.3325592872316,3356.924066682187,6869.572798295455,21.99109694384339,-165.13074,116.66534,-17.062866,32.662975,-18.479235,18.843414,-0.07449325,10.635129,-7.7537613,6.64278,4.4718165,0.5423501,3.144251,0.47757864,0.4450976,0.50978005,0.46476427,0.54164803,0.50087786,0.35343295,0.4001246,0.44041646,0.54852784,0.46521905,0.4431191,0.03660270392943777,0.09028216323234502,-0.02346797403435574,-0.05157801316930103,0.0063222005222951985,-0.0166314962041661
"C. Tangana, Niño de Elche & La Hungara - Tú Me Dejaste De Querer.mp3",198.49333333333334,0.26467016,[84.72079918],0.04264191543106978,2228.8492183138565,2790.8705671013518,4624.818670216266,22.23777170786274,-154.53021,147.09633,-9.615804,44.400753,6.028822,18.442781,-5.0575824,7.9950185,-4.559986,2.141125,-4.488578,0.83623904,-1.9246814,0.49615157,0.40217733,0.42358598,0.45678738,0.5447364,0.5358488,0.5661545,0.6388851,0.4937397,0.43000638,0.4470304,0.498112,0.15462884716206776,-0.02215560621035169,0.16184108310420267,0.061588131851720546,0.03042769094442541,-0.007029104510159134
Calixto Ochoa - Recordando El Pasado.mp3,159.43716553287982,0.21855451,[92.28515625],0.08187420213855312,3176.979916427427,2773.119153134545,6143.236417582192,24.342274013326747,-146.36829,123.15599,-57.740566,89.18617,-10.641604,11.383439,6.1074376,8.022641,7.8774157,-0.8485864,2.5374475,3.1698956,-3.0735521,0.46847337,0.40010694,0.44507346,0.41673577,0.4340639,0.5000635,0.47480685,0.5175394,0.50600135,0.65299827,0.6226251,0.4764567,0.0295882799102804,-0.07792107767144234,-0.08579302491581325,-0.07448610987933263,0.0002433778731619525,-0.01890945004234586
Celia Cruz - Acuario.mp3,222.1822902494331,0.16167374,[147.65625],0.05040556072179695,2203.013241781957,2611.5859230064275,4396.588835754618,22.22068891148104,-149.55505,154.63356,-40.3506,35.82056,-2.2684906,10.134992,-5.6079574,9.387216,-1.5731161,-2.86372,-0.7419492,5.3368187,4.9002047,0.36168408,0.30700657,0.33038715,0.3750379,0.4342178,0.42703405,0.45713627,0.5149141,0.42255944,0.40830967,0.35788456,0.3487115,0.048235880109920165,0.04805671079087925,0.08416793797748533,0.06952848263883553,0.01226826636790981,-0.005734688498235779
Chaka Demus & Pliers - Twist And Shout (feat. Jack Radics & The Taxi Gang).mp3,237.5633560090703,0.1460174,[129.19921875],0.06581099690600108,2745.864287180054,2967.8622877877206,6040.274462597126,20.537672154866353,-136.00014,150.94221,-43.97764,66.063324,-25.427788,21.039625,0.4834677,11.025809,-0.40950263,5.8867717,0.93129504,7.8184175,3.818329,0.48162493,0.5380975,0.56778437,0.4842209,0.47529402,0.42446533,0.43833372,0.4471316,0.49455175,0.5510234,0.49317652,0.4981026,0.09098765354396916,-0.0014464248632598687,-0.021501966319435826,-0.04810328240670333,0.009116470701593287,-4.40021475252126e-05
Charif Megarbane - 3aks el Seir.mp3,165.75,0.18686941,[103.359375],0.06359537521012817,2625.2544188066586,2593.8216109498694,5260.289888648482,21.7736454646088,-124.34854,156.93126,-70.859955,62.751995,-3.248738,26.628252,-0.7911241,7.3786645,18.086258,-12.736123,11.652231,-2.601824,4.049725,0.4568369,0.45041516,0.5725809,0.5093078,0.5862364,0.58904654,0.52268445,0.58244157,0.6107149,0.65724057,0.53972375,0.4624717,0.12509660807998965,0.03069770281213254,-0.06465506374006474,-0.02426942620733531,-0.014082405757024982,-0.0025572873442878904
Chicha Libre - The Guns of Brixton.mp3,248.92,0.15727353,[92.28515625],0.05241511681037498,2093.263086032525,2457.6551501015133,3874.002108074192,21.302953175682816,-162.06711,165.11012,-41.99103,14.244529,7.3068204,11.020697,-10.13421,5.0383873,-1.7482734,7.616912,3.2686114,0.25156292,1.8538045,0.5194591,0.5652882,0.53168,0.3715568,0.3347479,0.3685924,0.5509749,0.4323353,0.32550183,0.37127885,0.37860394,0.50680184,0.07270707076364362,-0.07646252258394054,0.12121102279028466,-0.12513816968418984,-0.014290214481591014,0.01683802443391179
Chico Cervantes - La Cumbia de la Paz.mp3,250.659410430839,0.11336854,[97.50884434],0.09398291225944838,3601.199912428297,3357.3381149046013,7217.035886534754,21.7069885514689,-164.92287,110.126015,-54.427853,60.32272,-13.587279,31.56461,-14.378118,22.819227,1.8133874,7.322097,-1.4815917,4.878394,7.035287,0.46903938,0.44864786,0.46485347,0.50426847,0.45913398,0.41835365,0.3955631,0.49567425,0.4607937,0.4219496,0.4572058,0.43450987,-0.010344250066985255,0.14488574111295968,0.06746111336889658,0.07245525013530159,0.0031741816707073042,0.025407016746608623
Coldhot and Mong Tong - Why Don't We Try This_(Mong Tong Remix).mp3,215.2577777777778,0.2521138,[97.50884434],0.04035442671815166,1909.9543006358938,2347.328792282832,3811.151644813353,19.4658698863352,-142.65004,166.35847,-28.805466,30.911055,4.7384696,14.147025,-5.670221,7.0033875,0.40746963,2.9618733,3.1213572,0.9624307,5.6731877,0.58415693,0.6510912,0.6249262,0.5889364,0.52442956,0.51750684,0.54966533,0.54904705,0.54038066,0.48447466,0.47443482,0.5083341,-0.0476476546349648,-0.09485149560124992,-0.026441482355177532,-0.027329279070517774,0.006297408236793718,0.00642502750262848
"Conjunto Ingeniería, El Dragón Criollo & El Palmas - La Bola.mp3",260.1970068027211,0.12583093,[120.18531977],0.04514085210350482,1613.5054544866812,1767.4072811674382,2984.29423054265,22.52346678477073,-205.71959,188.81657,-38.582794,19.621609,4.141288,0.47126508,-7.654346,-4.282708,-1.0623013,-7.935813,-5.5160213,-2.718364,-1.5239,0.48540094,0.32511857,0.3676668,0.32651603,0.43245557,0.3907165,0.31765187,0.4119834,0.34331277,0.39249516,0.41858578,0.4219043,0.05608818631776281,0.19275318874626995,0.046743954290592575,0.09392550387016886,0.04088223839122828,-0.004521890994858623
Cracy Coconuts - Rubberdub Dance.mp3,260.88149659863944,0.1299521,[143.5546875],0.08124849197994082,3502.33358750749,3518.7880762097243,7251.503315645025,21.56935993122406,-163.7488,110.64828,-24.709644,60.3292,-4.7610264,21.137856,-8.82597,8.298938,-1.8006232,3.5249825,2.403973,2.3319335,-0.80064756,0.44960648,0.4856445,0.58697665,0.5258279,0.53289884,0.5186951,0.44342938,0.462963,0.49542212,0.5426666,0.40659538,0.4156853,0.12162766587537961,0.0752273462773211,-0.046325485699846444,-0.06738860564266427,-0.0282125225993205,0.0038752124153810723
Dengue Dengue Dengue - Serpiente Dorada.mp3,189.61414965986395,0.24392803,[79.50721154],0.07323590947009123,3404.2847638160556,3249.373835035803,6902.225480885133,21.087350167589342,-117.242516,102.21124,-46.233437,63.355217,-7.543697,33.605362,5.7126913,25.631386,10.20184,11.442471,10.021896,6.1180105,8.593497,0.5794467,0.591268,0.67007387,0.6652432,0.687469,0.6699573,0.63632995,0.6583727,0.6163565,0.59950036,0.6052218,0.6033686,-0.006361536839603051,0.05124164368103973,0.11899160266128733,-0.03314907266189599,0.008106038833294015,-0.013589631836672745
Diego El Cigala - Bésame Mucho (Audio).mp3,294.08,0.22383043,[95.703125],0.04394222821259376,2502.825992295879,3110.3207983454686,5520.686527678396,22.207416693261,-139.94023,144.75787,-0.97908264,38.08792,-15.010773,13.449912,-11.096262,10.847805,-7.1313972,2.0983262,-1.6136898,4.026726,-1.2533041,0.45597842,0.37740806,0.29647964,0.325635,0.3769727,0.47483695,0.4056052,0.39927402,0.39969245,0.34671947,0.3564101,0.3596531,-0.10312679294617125,0.16342330917208955,-0.07315971371028361,0.02838167885667319,-0.011503327187787156,0.0028212041301395327
Dizzy K - Omoge.mp3,246.4798185941043,0.18153532,[117.45383523],0.07249342518752061,2975.719578390353,2991.550129755632,6001.149851632047,20.65103800622574,-127.5737,135.64459,-37.866226,57.446804,-6.5745735,15.893937,-7.1810646,7.003999,-3.5763054,2.61529,-0.5941015,1.5018103,1.8123947,0.564284,0.49707997,0.54708225,0.5282033,0.57502675,0.48716918,0.47928327,0.54229546,0.463673,0.4702568,0.47397557,0.5862556,0.06588213474327523,-0.012726631101964795,0.04686833113533217,0.013770487973493097,0.002994993368428146,-0.0045396078736052595
"DJ Nu-Mark - Everybody Everybody (feat. Bacao Rhythm & Steel Band, Bacao Rhythm & Steel Band).mp3",245.01696145124717,0.20947939,[117.45383523],0.07125893967661691,2944.636734392178,3160.068725532242,6064.647854477612,21.934811509772302,-110.02173,140.63843,-32.17477,41.179626,-19.434504,20.230408,-12.728786,9.1091795,-6.0325117,7.222418,-6.161585,-0.6052934,-4.0560393,0.613081,0.46941724,0.34544063,0.40009663,0.34853828,0.3897999,0.30122763,0.3573297,0.38086438,0.38114768,0.49538496,0.4170107,-0.06927603374638851,0.10098258048371489,-0.048991573180229335,0.06999068905742169,-0.005906173185052601,0.0013266981720242157
"Donald - A Ver, A Ver (Ric Piccolo Edit).mp3",305.9693424036281,0.14881967,[107.66601562],0.08336692293326693,3008.442958565717,2948.1147076558727,6081.510909487052,21.081851586594105,-143.35815,135.59627,-43.65946,59.339584,-11.210162,12.850495,-5.360132,7.2727327,-5.6040225,5.341833,0.5657377,-1.6045997,-1.7098272,0.5749385,0.6454614,0.5205505,0.5212337,0.55181086,0.48753953,0.49613062,0.46344534,0.56223947,0.57597244,0.5253472,0.5785984,0.017268911388605746,-0.09348767076644296,-0.044168016650651086,-0.0055926285506449,0.006838061523170993,-0.002828821786211766
Ecos Del Siboney - Tengo un Son.mp3,188.97333333333333,0.18666206,[99.38401442],0.043966641244163544,2575.840556804278,3324.0831394712304,5623.814634794303,21.287613227633333,-138.71278,134.93173,-18.6602,44.331596,-6.662216,21.572535,-5.3181224,13.317485,-4.6495852,3.9526412,-5.775971,8.462355,5.00621,0.4305498,0.44706157,0.53893477,0.42438614,0.50656754,0.5231056,0.40028757,0.40028977,0.44260448,0.49109662,0.4664392,0.432158,0.035539635274056125,0.05981212677220106,-0.09345553991730797,0.011949989965666461,-0.020203738946392907,0.01899019536054348
Electric Mind - Zwei (JAGO Remix).mp3,340.9905215419501,0.17813636,[117.45383523],0.058796387300611146,2225.0255018922,2531.098691137471,4202.947522375387,20.598345016468294,-166.81631,155.7585,-30.55132,17.101295,0.7135568,13.08814,-6.4171844,2.5814238,-5.2707963,1.9496295,-3.9778242,1.0098573,1.7770762,0.40523815,0.4571057,0.50789636,0.45046234,0.52013624,0.46993688,0.5748888,0.5144774,0.4050047,0.40502596,0.37254083,0.48236573,0.12671835044689614,-0.06288237824546562,0.05812406603980892,-0.003688442945585761,0.02510174952815235,-0.0232582197600118
Elia y Elizabeth - Alegría.mp3,241.27854875283447,0.17462271,[103.359375],0.06109283466354713,2709.7228776780003,3188.3008639660197,5669.380621237159,22.095713941874173,-149.26567,142.87648,-22.020035,43.401535,-10.726738,23.813044,-11.860191,10.315035,-4.5432844,5.529605,-0.7995898,-0.8529821,-4.0083356,0.3241137,0.28038266,0.31475812,0.32526293,0.4475772,0.42010766,0.34858635,0.43747696,0.4512414,0.5652273,0.48590758,0.44795498,0.21824514889947097,-0.07540080911152618,-0.06625770856446862,0.09730038171944531,0.031952128658567246,0.011224396305236216
Francisco Zapata - Cumbia Candelosa-1.mp3,172.94079365079364,0.15445468,[95.703125],0.05573807828024302,2607.357693757901,2909.6860741959804,5464.942209344161,22.19497863842035,-174.1587,150.74626,-24.025934,47.1192,-13.529027,17.642176,-2.768896,20.81706,1.5144281,8.545185,-6.382293,-0.2100444,-0.81799453,0.4185305,0.39516655,0.5383413,0.4819876,0.35591263,0.39041337,0.42008498,0.50782174,0.4489148,0.4167334,0.49832854,0.41274953,-0.021327745575584523,0.10008783164122348,0.12610336712431627,-0.06814983209076657,-0.019447761279843226,-0.009304020500441606
Fredi - Elää mä sain - Stayin' Alive (DJ Slow Remix).mp3,229.1112925170068,0.20712258,[105.46875],0.0814606772152901,3738.3530964626007,3866.930978505778,8216.345810504814,20.624829311385366,-104.4726,107.21457,-32.295704,48.031906,-14.679459,36.560844,-8.093481,26.232565,-0.035365667,15.5329685,-3.0900984,12.566746,1.2241203,0.57473356,0.6148341,0.6280969,0.6054645,0.6773154,0.5574547,0.52809066,0.53952944,0.56169176,0.657789,0.56713885,0.6059886,-0.0012796841032941383,-0.01421970487863689,0.015094384667965007,0.06074096791937943,-0.002590292019724029,-0.00865511907357675
Fruko Y Sus Tesos - Mambo del Mercado la Merced.mp3,160.56,0.12771241,[103.359375],0.06564664254564354,2999.9985744664705,3102.0726771820864,6054.778610527386,21.15038143188989,-172.86493,127.69454,-46.589783,43.749172,-7.6500587,24.636518,-9.603637,7.2539735,-1.877775,5.989094,-3.7148616,4.5691056,-1.4213134,0.5315489,0.52570903,0.57049906,0.44020483,0.38504258,0.44168565,0.3936096,0.41148216,0.43889183,0.43414417,0.51652956,0.48754752,0.03435745791287455,-0.05639641382431219,0.05185460248182238,-0.08366673546223698,-0.028224251761264654,-0.027398552698871443
Glass Beams - Mahal.mp3,201.3286394557823,0.13004842,[198.76802885],0.03500578436743167,1724.798002006146,2317.9438874997045,3643.392638491451,21.520025065103088,-208.47588,170.88715,-15.488125,36.691837,-3.7809567,12.991925,1.9362242,3.8938541,5.7798467,-2.1308358,0.43654877,-1.8267416,-1.2478608,0.33587855,0.37270048,0.46540236,0.57774216,0.5405559,0.45918235,0.38095152,0.36878398,0.37644005,0.39053813,0.5117627,0.44623736,-0.08580365494593567,-0.05768360659616186,0.13024110730711722,0.05467393614044888,0.03754136535113576,0.005191710985842127
Glass Beams - Taurus (Mixed).mp3,134.1184580498866,0.1558703,[109.95678191],0.06081140822459535,2414.0184057456227,2576.5289642567527,4738.717495252857,22.402679504281455,-146.73767,155.13666,-53.47199,23.879436,-9.946332,22.498304,-5.7995358,4.6117053,3.3773077,-1.5498537,2.8347247,-1.152394,2.788736,0.43448076,0.47995108,0.49159282,0.60356855,0.4996672,0.5976751,0.5243029,0.45656145,0.4593842,0.45076418,0.5873282,0.41967705,-0.15624623086937436,0.0007537876200937178,0.0015192403904896949,-0.03975956258422467,0.012032047460813614,0.012541218162462276
Grandmaster Flash & The Furious Five - The Message.mp3,432.06666666666666,0.14237534,[101.33272059],0.09747530936374812,4050.3715471628275,3938.284792597067,8263.18212559996,20.933689688087167,-156.08722,94.31965,-26.979185,35.038383,-2.5326462,23.752201,-5.768889,13.4010105,-5.959821,10.126583,-5.1373634,7.8077826,-2.7060459,0.51611763,0.5251162,0.582906,0.5301342,0.53864557,0.5608795,0.50746536,0.5176371,0.4885365,0.5012861,0.4867695,0.48481444,-0.009505049419750836,0.008568762997775769,0.01313342496002293,0.017065850210238993,0.014917259787289645,0.009291800755101925
Grupo Algo Nuevo - Mayajigua (Remasterizado).mp3,270.74142857142857,0.1210586,[120.18531977],0.04796705818503431,2349.5340490889585,2913.666541172058,5038.951436953929,22.564990158977867,-199.12772,149.33855,-16.450426,17.160679,6.244544,17.544233,-0.6295395,16.06791,-2.123671,6.093135,0.4989029,-3.073282,-0.30644417,0.38219774,0.36727867,0.37165976,0.41320574,0.55782044,0.44121185,0.46849677,0.46132457,0.44671223,0.35376325,0.29480127,0.45313707,0.04803955748462089,-0.028226673055441423,0.04657157775035404,0.03164019666601761,0.01605961569859856,-0.0030835117300290187
"Guayacán Orquesta - Oiga, Mire, Vea (Salsa).mp3",323.5733333333333,0.18980579,[90.66611842],0.06780637734450684,3002.708934632136,3062.005835884617,6035.994565714026,22.81280822574528,-127.375015,129.42749,-40.619034,58.439632,-13.134119,14.985321,-9.5355215,7.160635,-2.8388205,-0.06934999,-1.2675934,5.66937,1.6692017,0.4778571,0.6330821,0.38992563,0.33482388,0.34578863,0.31535372,0.370785,0.34775198,0.42067745,0.40828305,0.40067488,0.441515,-0.05176789475762441,-0.0524906615307683,0.020773139166837207,0.030041335480084357,0.030392735092104665,0.002744422945172513
Guillermo Portabales - Cumbiamba.mp3,150.45333333333335,0.15926597,[126.04801829],0.03515289657525658,1810.223400873456,2296.455989815586,3795.275653774645,21.729979778325195,-185.60425,169.5559,-35.45813,41.29682,10.793266,8.933774,4.725041,7.1301966,-1.6167127,-4.451025,-4.932323,-4.3006964,3.7953465,0.45630485,0.47239694,0.5119301,0.4324974,0.40790388,0.41565803,0.48258296,0.5267535,0.47560263,0.48542127,0.46301678,0.42692292,0.05822901179097058,0.06597103743278146,0.00023705187738096815,-0.10423637090594519,0.003064434282733797,-0.020485848401027337
Hannes Beckmann's Sinto - Man on the Banks.mp3,347.1333333333333,0.16998582,[161.49902344],0.050115815739966554,2599.001528597354,3227.4876708738316,5559.042686232755,21.057129330537848,-144.36366,140.17627,-21.92457,46.529423,-1.3411117,13.970327,-10.46043,8.551655,-9.305354,6.1033974,-7.124344,2.6774476,-4.7668567,0.4894022,0.4759438,0.54272616,0.44964936,0.43642065,0.4335915,0.41451272,0.4702638,0.516065,0.5764866,0.427784,0.40910852,0.06543999558650246,0.0923636069594285,-0.008510305233654829,-0.010795128720074317,0.0001324290284151197,0.006690581441396716
Henri Guedon Et Les Contesta - Van Van.mp3,216.14666666666668,0.1918519,[109.95678191],0.05782290659576754,2640.5214400947643,2989.998973458024,5417.476558408697,21.603698439572295,-120.29076,145.43475,-39.85405,50.299587,-10.676819,16.869282,-14.892282,3.7915437,-7.498747,1.6160097,-6.2998276,-6.286368,-1.201962,0.45847768,0.3678343,0.43577445,0.4231928,0.35517007,0.4220096,0.33093,0.3529184,0.35802448,0.4076845,0.4771871,0.43390748,-0.07523805683615226,0.1446944773694786,-0.04872253386582211,-0.019091305702317294,-0.035768715715270925,-0.029940836824293285
Hugo Blanco - Guajira Con Arpa.mp3,187.01995464852607,0.13269924,[139.67483108],0.07420435223516357,3414.122990710602,3403.0559904694587,6948.094551303813,22.268500053769923,-144.41734,112.65581,-45.865673,55.279606,-12.742917,29.115673,-5.769749,16.427105,-0.723911,12.040105,1.2158515,9.4474325,5.758594,0.4165554,0.49246237,0.45653337,0.50354946,0.52648455,0.5444121,0.63140726,0.5228246,0.5109011,0.48095468,0.48725224,0.4745821,0.0631414929093146,-0.16706953302522606,0.013027050808114605,-0.05665815872931065,0.010688828469722848,0.012159424882430256
Héctor Lavoe - Periódico De Ayer.mp3,411.6533333333333,0.17869297,[99.38401442],0.06346292912894493,2653.0511942446187,2754.07763716728,5647.044107508303,21.972529034932748,-126.71171,148.59239,-51.116688,61.157703,-11.112808,14.471012,-0.81474745,0.49520084,10.168975,0.8852178,-0.06325914,2.7806485,-2.4169245,0.5132185,0.40221223,0.46154463,0.5799981,0.48221797,0.42567542,0.40180466,0.5154777,0.43414682,0.4102394,0.46105862,0.466638,-0.04507826768321754,0.1316363127393846,0.09611228213195287,0.08444984734488252,0.006883192509417872,0.013348630046648128
iLe - Ñe Ñe Ñé.mp3,187.43070294784582,0.24073279,[120.18531977],0.042834611784951064,2570.193024027295,3360.5275125768158,5867.278995268172,21.529400265642714,-152.29642,136.96268,9.251115,34.32633,-3.39686,25.636204,-6.2013693,20.064442,0.2885435,7.7998977,2.394744,4.849322,-0.47997758,0.58036315,0.652672,0.67997915,0.5487946,0.48383382,0.47585675,0.5032007,0.49045673,0.44303662,0.47971195,0.48747772,0.50789964,0.06320564899546519,0.055511534737262475,-0.04476403448211454,-0.08862410145186395,-0.0058445714767299635,-0.00031460654695459814
Ini Kamoze - World A Music.mp3,345.49333333333334,0.13083161,[73.828125],0.07675906277827715,3453.5195441838223,3673.9474142005715,7065.135189538249,21.927279080936117,-202.62392,100.94821,-23.480078,27.97804,19.120598,28.476881,-7.6821914,18.413443,-0.47120538,5.0846367,3.584131,8.857472,-0.8987147,0.5179115,0.5009927,0.60224265,0.4619965,0.46923703,0.50340205,0.49524027,0.5360868,0.4938188,0.59030783,0.53560466,0.48290914,0.04757260415387126,0.02019861566944932,-0.05195935860908956,-0.0854237953505066,0.023743064904826118,-0.0010550149969953634
Jamie xx - I Know There's Gonna Be (Good Times) (feat. Young Thug & Popcaan).mp3,213.62235827664398,0.18347716,[89.10290948],0.04697278893512228,2283.3164217625736,2711.9981700873004,4756.990014117697,21.704668629962914,-173.30878,144.88396,-26.506353,31.034681,-10.9612665,9.121268,-0.020648101,0.5614125,-2.5796213,-3.5545335,-5.6028056,0.82028145,6.9115634,0.41826576,0.4837616,0.5314671,0.4525209,0.46500823,0.44164148,0.51688266,0.3849532,0.3554893,0.40263572,0.4013693,0.450434,0.06424943920279584,-0.08708168162098073,0.032242135143783136,-0.09642164000478301,-0.009487585604727069,0.015269926076937779
Joe Bataan - Subway Joe.mp3,182.04,0.16876552,[132.51201923],0.06076439059510523,2762.1939671776636,3045.893817775813,5500.0360107421875,21.517044416351737,-124.89832,145.09956,-50.947872,37.989887,-9.213102,19.966494,-5.675782,16.544409,-4.9790974,8.76592,-2.3140094,6.224284,1.2851939,0.43076646,0.47586325,0.51152414,0.5274575,0.6049857,0.51987714,0.533334,0.41693002,0.41985905,0.39580026,0.37308306,0.49305445,0.03557639103730602,-0.038674277940999036,0.1004808227100994,-0.09800200523150497,-0.027328616713283425,-0.0260025473304119
Joe Cuba Sextette - Bang! Bang!.mp3,246.642358276644,0.18021451,[129.19921875],0.08221936871175571,2549.786690273903,2310.4612337126446,4468.059069964992,20.740768548837423,-133.17767,158.1501,-75.23364,23.72218,-7.017007,3.0176044,-11.143626,-0.4730512,-6.5604067,-6.1564226,-5.236756,-0.9839341,0.99820673,0.32783115,0.31017718,0.37743962,0.41641435,0.41851833,0.43930066,0.3974133,0.4051629,0.37756062,0.4558018,0.5312688,0.39179182,-0.04296099795550944,0.050282266420118064,0.013524459884452673,-0.008813419974735432,0.00990530559651742,0.003608637335180899
Joni Haastrup - Greetings.mp3,373.3333333333333,0.23973186,[117.45383523],0.07312661986017818,2916.075201637832,2967.3683233466727,5952.545540118598,22.105371198028276,-111.2447,133.51326,-49.46259,53.44835,-14.1637535,31.251213,7.299027,9.205462,5.78591,4.8645496,2.7003546,7.150118,1.4310045,0.42428562,0.41379252,0.4374142,0.4225823,0.55950576,0.4715796,0.4893495,0.4911043,0.4490086,0.49674463,0.49329013,0.54978496,0.11710285335870488,-0.07784008774925727,-0.014512759184125949,0.04932667879267414,0.0005731777672505522,-0.019328314337289498
José José - Tu Melodía (Cover Audio).mp3,239.38133786848073,0.178784,[87.59269068],0.05398668059496096,2675.2036710978523,3223.994257055811,5878.397359061272,23.36305143857651,-155.42316,138.03352,-26.03421,45.44026,-4.7438664,32.763794,-19.894302,16.9881,-6.1445804,-11.548583,1.3696686,-5.0747027,-4.0369782,0.40484765,0.37325394,0.31096315,0.32157186,0.28049567,0.28812498,0.25745732,0.35318834,0.41504523,0.41787896,0.48906562,0.43108645,-0.16738498702093862,0.04017825565404449,0.0276783834915429,-0.010525106889768885,0.035591054108447366,-0.010168769810135946
Juan Gabriel - En Esta Primavera.mp3,199.70718820861677,0.115481935,[129.19921875],0.08436530363475177,3831.0602687793416,4016.2459267149998,7986.856812502725,22.681743627201595,-151.00697,105.93065,-21.91897,57.261757,-5.771414,24.620098,-9.025318,13.031735,-14.5254345,7.7713327,-13.004628,9.908621,-6.076536,0.3706547,0.30138862,0.37076336,0.35026205,0.4201476,0.3572515,0.3561967,0.49154776,0.4887144,0.47138548,0.3719515,0.4171393,0.1620502065154189,0.013643737350588391,0.029510120892552397,0.10329470367186787,0.02036678917776895,-0.004361223140298052
Kali Uchis - Know What I Want.mp3,251.11111111111111,0.21551898,[161.49902344],0.05969632784687225,2827.8952987862276,3217.748655033922,6022.493143428672,23.150132537456642,-147.92162,129.98753,-17.927565,28.490013,-19.38277,21.074554,-14.858313,14.854619,-0.32019037,-5.389776,0.905737,3.675274,-5.5761447,0.36886427,0.5150493,0.44161156,0.4474891,0.35127348,0.31713402,0.337085,0.306709,0.3740621,0.35249534,0.40720817,0.35657933,-0.06528104570999697,-0.03725045750687845,0.047484345884771996,-0.05731222637133681,0.038859942682058245,0.0008042606190576503
La BOA & Nelda Piña - Boa.mp3,472.2010204081633,0.17183167,[117.45383523],0.05443413349688368,2308.1131223823627,2782.5484331361517,4483.740936670211,21.271430121237813,-138.02464,155.18019,-34.446266,31.042427,5.2918158,9.128976,-2.0838883,6.486071,-2.4956088,3.9623454,2.36492,5.471858,1.1788375,0.38226864,0.3535786,0.42959183,0.36693987,0.53869,0.4436355,0.4611975,0.523926,0.43192875,0.45085767,0.42746118,0.49510905,0.10178757323161933,-0.035659366924652644,0.06425181089302823,-0.04800484437467581,0.013087298637017106,-0.014887436168052097
LA ISLA BONITA ((BOMBA ECUATORIANA)) LIMPIA.mp3,386.7980045351474,0.1857074,[103.359375],0.085426238739795,3568.8054918801117,3446.14555860287,7635.179269580376,22.257696186407184,-117.83026,122.65581,-41.104523,73.91827,-22.959087,44.133896,-5.900691,19.190893,7.2744393,2.8907697,14.383687,-4.7559505,10.854499,0.4991818,0.5221546,0.5135418,0.58966213,0.6478739,0.5979205,0.5972102,0.57354283,0.5783647,0.50661796,0.5077673,0.5222921,0.023136404482801697,-0.12536012335784977,-0.062428233305762686,0.09236044002627603,0.020438061237373562,-0.009882021008955875
LA LOM - Juana La Cubana.mp3,184.0413605442177,0.22465518,[86.1328125],0.034991621016132596,1862.0200888240634,2612.1662073749253,3963.5858521208525,21.13221581038207,-154.4167,167.17451,-6.302911,26.937143,-6.1175275,22.019468,1.9971734,2.1459267,-4.409859,6.26203,6.5297832,1.7286551,-1.1986641,0.6314569,0.48403898,0.5136898,0.46452108,0.4725799,0.41643658,0.3624508,0.4579344,0.44298854,0.4699825,0.52009845,0.52475953,0.029374662662106116,0.09325828140872597,0.040727218470154834,0.05330951439077736,0.009702389823932329,0.01693225875638152
La Lupe - Fever.mp3,165.21333333333334,0.18651152,[78.30255682],0.059693317789948,2272.548915313957,2547.5081959789572,4249.199583820094,21.383440241691407,-144.50142,170.45549,-47.570957,20.958101,2.9964316,5.8781834,-11.582609,17.422249,-9.352112,8.277631,-3.979224,4.243422,0.63710356,0.46377766,0.40943623,0.43860886,0.46928272,0.42343527,0.46690544,0.45412838,0.45499352,0.38879713,0.37102702,0.41632953,0.42722908,-0.006680198624328488,0.08458987844131782,0.08629733674600823,0.06609205340227858,-0.026094518815812314,0.01936486691486031
La Mecánica Popular - Mótame en la tormenta.mp3,337.6181405895692,0.15461427,[95.703125],0.031178204304356798,1314.9846447321725,1732.9418117423002,2569.63877899767,21.735444664694175,-212.10538,207.62427,-15.827132,20.097034,8.828923,9.002196,-2.4007833,-4.0284376,-6.381794,-3.8539522,5.7375207,1.9765637,-0.022011157,0.41295344,0.37348157,0.50727737,0.3995312,0.411092,0.3374327,0.30576098,0.32272327,0.34473312,0.4610316,0.43772486,0.5281163,0.23613928096424,-0.029643369399994395,0.006573791689178584,-0.022934711558927453,-0.03090403449003584,-0.02842775906837356
La Misma Gente - Raquel.mp3,304.92841269841267,0.05794443,[114.84375],0.07529960558252427,2964.3014235350356,2984.3710662365693,5925.895687955097,22.915095619481708,-239.89282,130.84047,-42.688995,44.873234,-13.674207,17.272263,-7.5848093,4.3710284,-5.0171876,-3.343844,-1.7386577,0.19114111,-0.34197366,0.4656583,0.3961672,0.36498776,0.34744328,0.4877562,0.31654152,0.29998407,0.33727992,0.32532722,0.40095514,0.32594165,0.44038624,0.1545218703116479,0.009218222077656919,-0.0036562798617277652,0.14510013498970448,0.01916840989474914,-0.0010825672969440123
La Pesada - Cumbia y Tambo (En La Lluvia).mp3,240.2568934240363,0.13742286,[114.84375],0.057414537214604974,2423.857353305811,2618.9961558418836,4977.121828000423,22.122731370767575,-167.22188,161.04425,-41.090866,38.51406,-16.640661,17.937859,-5.474474,9.523297,9.196945,-0.5482481,8.69453,-0.7359645,6.565776,0.57707673,0.44874942,0.3992526,0.43430427,0.4496811,0.4209662,0.3500383,0.40857366,0.40453136,0.3719637,0.46393928,0.49315798,-0.0690647879012013,0.04628134816642082,-0.054538227040046156,0.08459193187230923,0.006965425981846598,0.020526463978193243
La Sonora Matancera & Celia Cruz - Pa La Paloma.mp3,186.10666666666665,0.12584823,[112.34714674],0.04367232581487835,1919.369418782988,2357.3009010751393,3700.450732635098,22.12834991629746,-234.17967,167.02151,-16.313837,34.861324,9.349936,13.332731,-1.0799475,14.359467,-0.21869437,-3.46468,-0.49010852,6.675581,1.1110845,0.44384325,0.4317672,0.59795594,0.44715053,0.43033248,0.5018089,0.47518036,0.4815279,0.42470542,0.51467234,0.48337048,0.51658446,0.16645384708315836,0.09750403116876602,-0.01656097016408832,-0.21135651935400307,-0.035962814452470605,-0.05031729168704515
La Sonora Santanera - La Boa.mp3,175.13333333333333,0.055420958,[123.046875],0.09888820123467021,3225.9071128705627,2773.8343185745844,5916.115161869199,21.553030618339882,-220.58252,134.33952,-67.83143,56.413902,-12.377171,9.672358,-4.90807,5.728413,-5.64308,-2.4649296,-5.3144174,-0.04512884,-2.032118,0.4648357,0.4494418,0.56507903,0.42624685,0.35020962,0.32770678,0.35114264,0.38266832,0.34209052,0.45375887,0.48528156,0.40910262,0.06468639164316059,0.12430703162747647,0.014136465789764406,-0.062436185060775876,-0.00698592913900298,0.013232765473684086
La Yegros - Trocitos de Madera.mp3,275.0133333333333,0.22148103,[99.38401442],0.06699250494052895,3245.7586363674295,3761.8206726302574,7042.627342711104,20.458300807837805,-103.94375,133.94734,-18.72134,24.524899,-13.023657,17.879623,-3.6195745,13.097317,-8.435278,8.143529,-8.413181,9.566207,-4.4076147,0.5893391,0.4658785,0.53198266,0.52476805,0.42515582,0.42588818,0.42219886,0.52117383,0.4535495,0.42951578,0.4575962,0.49350637,0.025157637556871313,0.13237953482303638,0.14048920191105105,0.06697165154751636,0.016583064871945188,-0.03771532836652814
Lalo Rodriguez - Ven Devorame Otra Vez.mp3,307.61902494331065,0.11381904,[112.34714674],0.059166964951220896,2499.6566564158893,2826.2955341442525,5176.555375814951,22.60272803485226,-165.22081,150.15126,-37.501682,38.537373,-13.195382,19.564327,-8.388943,9.26441,-2.8658001,-2.3282917,3.6469545,0.23811813,0.49076366,0.4440629,0.35314712,0.39234424,0.42745537,0.31455392,0.40053338,0.33377814,0.47316673,0.4516704,0.36232495,0.42135158,0.3730073,-0.10453808721502773,0.175474715497873,0.04115238958416407,0.002458167183485077,0.0036799036710951816,-0.013497371693568034
Latyrx - Lady Don't Tek No.mp3,216.66666666666666,0.250514,[97.50884434],0.08526055690068585,3850.557841869329,4055.971809971467,8068.249953220443,20.628627030823225,-126.77016,107.28852,-9.73529,28.309956,-5.0310717,32.09918,-7.951973,18.618038,-8.2860775,15.25358,-3.464824,6.6834655,2.471036,0.4884992,0.55463314,0.6426528,0.53871673,0.49102178,0.5036179,0.48690286,0.5237405,0.53531283,0.5242043,0.5100269,0.46048555,0.02536340660102553,0.06267185133488619,0.04637075154652623,-0.04294559139602056,0.022124555741186873,-0.019001883064979127
Les Vikings - Ambiance Vikings.mp3,149.04888888888888,0.15952867,[117.45383523],0.05637813437086222,2376.1847964504727,2751.6788807267067,4851.261772906281,21.847524647680803,-170.48082,150.19527,-37.01741,27.992928,-17.944937,24.521887,-9.122149,0.6586392,-3.3774998,3.7683103,-6.5691924,-8.116426,1.1922036,0.42625505,0.4482356,0.40845504,0.35843614,0.3828518,0.31684265,0.41896638,0.51650006,0.42869994,0.4370253,0.3700759,0.43076932,0.17246133476539988,0.06672396743823202,0.06814980539354348,0.029205342315319304,0.043035527002319274,-0.02790992362963692
Los Angeles Azules - Cumbia India.mp3,183.6157596371882,0.15043259,[90.66611842],0.08124569635772319,3802.016243142819,3907.438368309049,8498.731580164074,24.297930952061368,-140.46864,109.502495,-17.500515,47.46403,-23.386108,37.967377,-18.113476,15.263717,-14.607516,2.9503675,-4.231891,0.74475175,-2.4750896,0.2767881,0.25871637,0.43104294,0.3129831,0.39660573,0.46896788,0.46524432,0.6173868,0.36514154,0.35900986,0.30078506,0.25456378,0.12998067199990246,0.22046081494022315,0.04372197242648926,-0.1202087580006,-0.017823713690514387,-0.05276676611464856
Los Bravos Del Ande - Travoltoso.mp3,178.93984126984128,0.12108843,[109.95678191],0.06354508597652955,2146.8370461000227,2151.2734560706467,3840.5340250265604,21.489350901856945,-193.14552,174.3368,-60.267834,24.696676,8.1155,9.853371,-3.8886707,0.62831247,2.9008381,-1.7369652,-1.8269886,-1.5438033,0.031848844,0.6647299,0.33118594,0.31595957,0.46486837,0.4349783,0.48616162,0.3452836,0.41975754,0.4637406,0.3485871,0.31920347,0.37602636,-0.12385031133677053,0.04483847437159938,-0.0296725136590634,0.18929739154541492,-0.024584928426561573,0.0029532419576278235
Los Destellos & Enrique Delgado - Qué Chola Tan Rica.mp3,124.24,0.19235174,[107.66601562],0.06304727467704635,2762.6479587741146,2879.5515564823268,5622.701227355284,21.805612691227708,-135.42827,128.73299,-50.145832,48.871,-0.39074236,29.90227,1.4003353,5.526062,2.1557968,-0.54521626,2.6689434,-3.7374976,0.35417056,0.5115431,0.43276283,0.55286247,0.4126726,0.38261124,0.39082935,0.38020805,0.5099083,0.44936344,0.5182394,0.5150106,0.4988988,0.03293676464975812,0.136412877981152,0.03493844174102562,-0.09612369620817494,0.010621067755999147,-0.01928454814809007
Los Gaiteros de San Jacinto - Fuego de Cumbia _ Dub de Sangre Pura (Dub Mix).mp3,346.32562358276647,0.19583315,[178.20581897],0.039398916631398544,2657.051708506227,3281.270537753381,5819.488361912733,22.905784165725244,-163.64949,122.897575,-21.400343,44.112064,-14.242673,16.493065,-1.5454309,17.640413,-5.9777784,8.185412,2.1553621,7.259599,4.6329045,0.46024796,0.468312,0.49619985,0.62924117,0.4402516,0.33079487,0.333648,0.37222093,0.48281586,0.42780194,0.44728395,0.46446648,-0.14556268095800937,-0.011756221034282643,0.10868598242428668,0.10273917265849176,-0.02524553112934554,0.030472055235525784
Los Guacharacos de Colombia - Cumbia de los Kiss (La).mp3,144.38666666666666,0.09306251,[89.10290948],0.08474645808625472,2813.21444525942,2631.636511337095,5555.0192894061065,23.352830851458,-223.95694,143.87187,-56.127354,50.958447,-5.780559,21.869785,-7.883263,7.2864776,3.9510658,5.5745697,0.7512799,-8.900024,-10.936934,0.33744565,0.3933172,0.34285158,0.4064549,0.30829078,0.3357408,0.4046767,0.40186113,0.5143114,0.4312465,0.5207548,0.4415792,-0.1845185778806986,-0.18832150378340456,0.042592914568645085,0.01429540055806649,-0.026097524576287938,0.013836391705414692
Los Hermanos Tuirán - Lluvia.mp3,141.35469387755103,0.20463876,[97.50884434],0.08157476959028005,3281.9708871629277,3074.623061962286,6615.581481372166,23.642574420187067,-138.04068,123.17723,-50.91775,67.99869,-2.2220323,27.953022,-11.844746,9.453055,-3.0997171,-0.94454825,2.7960286,0.6360242,4.7905645,0.55926716,0.3026078,0.26963428,0.40161493,0.5773229,0.5585353,0.3505261,0.32830337,0.32328093,0.34596747,0.2728916,0.2937283,0.029884451171158708,0.09989536403456829,-0.01313941454909242,0.1992105519619792,-0.024663675521025604,0.006115384653354283
Los Latinos - Cumbia Con Organo.mp3,177.74680272108844,0.10092169,[99.38401442],0.04782362426518615,2307.0390717051187,2888.914924861965,4875.979359512778,22.588521249214896,-222.9115,141.13843,-25.628195,57.382786,-0.07537455,31.32454,3.8207161,18.049335,-1.412755,2.2153053,-1.0935782,0.16505341,5.867538,0.5747271,0.4274857,0.37592575,0.34879482,0.37553814,0.52219886,0.3513515,0.36921114,0.4400847,0.35459304,0.3593612,0.39614013,0.0046065501454402484,0.12737572468783445,-0.06973409968666164,0.1283092860305824,-0.03218384838429691,0.01726440710228047
Los Parranderos de colombia - Cumbia León.mp3,178.9937641723356,0.16539223,[90.66611842],0.05386998202182514,2773.112058221837,2921.8706854463503,5855.063401822343,23.937304379930165,-169.29317,135.63326,-42.718243,59.51623,6.4579287,19.219893,-0.2354345,6.4386797,-6.759811,6.1770425,-3.461784,1.3800722,-0.40227452,0.4049515,0.49045843,0.6378133,0.44281262,0.38164818,0.372267,0.4516198,0.52054614,0.47637898,0.4699276,0.43016914,0.39568722,0.1595381440725621,0.20801665193194,0.14620836892535885,-0.12558384731999134,0.00788410734601373,-0.06373080936636495
Los Siderals - Vírgenes del Sol.mp3,192.12190476190477,0.1633323,[123.046875],0.05239069864493323,2127.587139109822,2445.852224212974,4139.155529837528,20.441271220198225,-141.1006,168.04338,-55.582775,38.458775,-2.4003208,21.917494,-2.793824,3.3260636,-2.265618,11.398967,-0.88285494,0.87847286,4.1023912,0.45400098,0.3890828,0.5477604,0.46973965,0.5338891,0.40643415,0.3588233,0.32543057,0.32305408,0.38282117,0.43187976,0.51283556,0.06885033067750819,0.008586419492352003,0.017113320222190264,0.04382571114491787,0.016192192951509622,-0.002781377967095424
Los Wawanco - Vienen las brujas (Remasterizado).mp3,228.85589569161,0.1584385,[89.10290948],0.07768043692614011,3081.556268744133,3109.857574262458,6410.40606036467,21.501562233516093,-138.14186,143.83734,-41.41301,57.000748,-19.349657,32.65593,-8.705823,6.934847,-0.28557506,2.112816,-4.6641827,-0.24329668,3.819294,0.4831446,0.45290387,0.3892449,0.41597536,0.38337225,0.48575416,0.44448563,0.43541038,0.52975726,0.4216334,0.46748224,0.51353484,-0.13213852139466964,-0.1148256173709468,0.008708723565580627,0.04472716525593879,-0.033307052492100774,-0.023440748376793823
M.A.K.U SoundSystem - Happy Hour.mp3,343.97333333333336,0.17292704,[101.33272059],0.05431199411768429,2661.2964166735896,3149.8289748283364,5511.489768045641,21.604370651854083,-137.78067,138.54851,-33.634426,38.34521,2.828006,21.956984,0.5416332,13.869919,-0.16301408,5.2667,2.6559458,5.7953444,-2.8237753,0.58406085,0.50620687,0.46955973,0.5000229,0.49354643,0.5332768,0.5092617,0.5492751,0.5233748,0.4915974,0.4978286,0.46933466,-0.04567732718327789,0.08601691228093503,-0.012063826254284647,0.010701037628851641,-4.070936584403429e-05,-0.002709349737869639
M.I.A. - Paper Planes.mp3,205.2,0.20898385,[172.265625],0.07177416681400282,3036.047288001666,3215.5100952186135,6037.453299040842,21.85436303293609,-112.08346,133.75755,-37.36466,31.018232,6.171979,21.265316,-17.198366,14.058331,0.6275833,6.4839687,2.3659244,4.3974075,-3.996811,0.395802,0.48431748,0.6965613,0.48690632,0.34631985,0.31601143,0.40148878,0.49620652,0.41797072,0.4075949,0.33865234,0.36670205,0.07842883230775693,0.09453147374641929,0.08444597763063377,-0.1250573201044667,-0.01161847084437645,-0.02146543021892794
Mexican Institute of Sound - Cruzando el Río (feat. Joe Crepúsculo)-1.mp3,228.35238095238094,0.21678841,[84.72079918],0.059852323532589354,3199.525020386514,3626.848415391361,7044.962528280543,20.96237501465267,-109.66698,118.53903,-21.284622,55.035374,0.9235633,15.957263,-12.3934765,15.635483,1.1172502,3.090891,-4.2626724,6.3139887,-2.4507535,0.376297,0.44702294,0.5015706,0.5219724,0.5448291,0.46589872,0.47376195,0.47266588,0.61693984,0.72257143,0.63653725,0.45723477,0.13272431484136304,0.04901135533998443,-0.053543833249252694,-0.1354471778928125,-0.015996564534335157,-0.01840844458950559
Michael Paul - Reggae Music.mp3,292.0,0.20764686,[103.359375],0.0375873862495527,2418.973356023666,3428.7091192757007,5080.293142699346,21.101592723546084,-150.76515,148.42885,3.3185446,15.877909,-0.23178649,18.441904,-6.4862957,12.717799,-9.024286,14.149657,5.635101,1.7146467,-3.448915,0.4808186,0.39673588,0.3576011,0.3238472,0.31855148,0.31999412,0.37383482,0.54226446,0.7007922,0.6802949,0.55921113,0.511483,0.01585598980804407,0.003242659630563407,0.039335967262301895,0.0568190179634511,-0.0077959081017092225,-0.00801674624154259
"Miles Davis- The Doo Bop Song (extended mix), 1992.mp3",414.5690702947846,0.15471761,[87.59269068],0.07045742965271361,3380.5789446787417,3569.077951245822,7226.101317682517,21.878510534392476,-181.55547,110.68897,-18.448008,40.53979,-9.233169,25.043936,-12.335212,18.146143,-4.9451065,10.345487,-4.8473997,3.8660002,0.76809853,0.606066,0.6120539,0.64456016,0.5347704,0.5231485,0.56922776,0.5328566,0.6018712,0.4986044,0.5467319,0.5662378,0.56324875,-0.05230592618803888,0.058430300271594224,0.04761788763587243,0.0680497922610693,0.013848402629359534,-0.010183744442279891
Mindy Meng Wang 王萌 & Tim Shiel - Sleeping Tiger On The Bund 蓄势待发.mp3,222.72,0.2239729,[126.04801829],0.05190714246735561,2731.128890901396,3357.4000568265706,5779.380840336511,21.2175172586297,-158.29807,123.94223,-5.7836385,30.148989,-12.358299,15.191595,-5.3570886,6.4426575,-5.0773807,5.629379,-3.310024,1.7256866,1.700034,0.3658328,0.42787084,0.49425092,0.4636562,0.5744844,0.5305159,0.69948024,0.46448076,0.34961286,0.40433875,0.38783324,0.43699676,0.07096706185071301,-0.07028108304867843,0.0027336101058980876,-0.0614396478037806,-0.010416767817635847,0.01966560468560834
Mon Rivera - Lluvia con Nieve.mp3,180.60480725623583,0.0933013,[101.33272059],0.039130389203815,2267.949706129439,2816.9051061735663,4658.337613418597,21.96346666278568,-230.74608,145.98297,-29.277742,37.3835,7.7866426,16.560616,-1.0761857,8.049767,-1.0483152,8.215306,4.3831673,6.3958426,4.236539,0.47431293,0.4582218,0.42128396,0.4065092,0.56814486,0.5472507,0.43471932,0.44770846,0.5012841,0.5625186,0.55088836,0.522846,0.12817990666967125,-0.017755522879145735,-0.05787200659205531,0.0704803545306464,0.03611343621595487,0.013064243747153705
MULA & Letón Pé - Sin Permiso.mp3,189.97163265306122,0.20290788,[99.38401442],0.03699180315345597,2332.6569820687178,3039.9614830688583,4976.740009615825,21.577275997637315,-179.69104,135.2948,-0.45375344,45.26625,-4.9172063,15.9434595,-5.0378346,7.491568,-4.296534,1.3189722,1.1725361,1.2795986,-2.9433346,0.54384327,0.47727126,0.45709574,0.46443367,0.43799886,0.48479426,0.46301094,0.5520226,0.46105984,0.38932547,0.38899097,0.41816878,0.008014628015524921,0.11502217821612146,0.03152730687559133,0.036944801968651055,-0.003665726397779513,0.01077524272943318
Mura Masa - Love�ick (feat. A�AP Rocky).mp3,192.16,0.24588482,[178.20581897],0.05088845239623611,2524.6705719091847,3027.702636088387,5331.247463014288,21.4378713943937,-136.44884,141.59259,-15.000626,30.97016,-11.763649,19.774073,-6.427698,2.44578,-7.099573,0.03981305,-3.162843,-0.7235755,-2.30552,0.48148498,0.4948365,0.45102522,0.45585102,0.4486088,0.48175934,0.46148288,0.4323247,0.48968682,0.48075905,0.5684049,0.5247562,-0.14680540173455908,-0.05290456990697907,0.025652649663547373,0.021349562362980624,0.0008258322776068618,-0.007657835644755579
"Musica Sonidera inc - Cumbia en Margarita, Cumbia Sonidera Perrona.mp3",212.73111111111112,0.22944641,[90.66611842],0.05239382520874263,2219.4363338603666,2325.0306282692254,4329.371292324104,22.41070541766891,-136.97697,160.34793,-55.125057,45.962963,4.8651557,19.355152,1.5890548,4.033406,5.0150313,-0.19272709,4.163799,1.4601532,4.452925,0.51141834,0.45090577,0.5640239,0.49473497,0.4116176,0.40775126,0.43779203,0.64573914,0.54246217,0.49801654,0.51335806,0.49481654,0.021638796017020765,0.14528804168950174,0.1365863262948685,0.07763983907937475,0.009817494097631694,-0.009182224205581593
Najib Alhoush - Ya Aen Daly (Habibi Funk 015).mp3,214.75,0.15347235,[105.46875],0.046147831015515194,2467.499385912629,3498.0482828317995,5582.116806124311,21.86852124604695,-185.58159,151.42407,2.9900749,26.822529,4.810783,22.599892,-19.119518,13.865388,-1.813898,2.575434,-6.0945396,1.7421503,6.1244645,0.3878361,0.4002851,0.34575617,0.42284685,0.47445554,0.41503158,0.5458675,0.36971724,0.3803729,0.4292574,0.358875,0.44138128,-0.024777166969493492,-0.06728634594705005,0.0023590377731571503,0.02449649878991941,-0.00116619794553977,0.008204780033139241
Nelly Furtado - Turn Off the Light (Sunshine Reggae Remix).mp3,233.6856462585034,0.225645,[178.20581897],0.053352458672810375,2696.92083118251,3225.784205400931,5717.017825358469,22.426309455698096,-139.53572,137.39302,-20.916943,37.911457,0.48208284,27.524345,-11.856241,18.965107,-6.043101,6.9112334,7.2089257,3.99719,0.12296993,0.4686994,0.4571506,0.5441784,0.54963636,0.58783287,0.5109775,0.4771915,0.51266205,0.45561936,0.45717683,0.47424206,0.53564566,0.11973745471532866,0.026977559828961523,0.09461283475746855,-0.02342528466357258,0.002011157444785525,-0.04205612653983445
Nickodemus - Livin' Your Dream (feat. Jahdan Blakkamoore).mp3,250.19566893424036,0.19082922,[126.04801829],0.048008054476880425,2844.322060357333,3511.8468073038184,6460.428551024314,21.655240124843175,-164.6072,122.30964,-11.790298,45.015102,-3.8150213,37.08354,-3.356018,5.315002,-5.401441,6.008962,0.98688966,2.201223,2.1401505,0.50388104,0.51783454,0.49091068,0.48852047,0.5212293,0.4904482,0.49889874,0.5175955,0.53835654,0.57959133,0.5197698,0.53781635,0.043096848848120074,-0.008093257711949083,-0.0204841969733219,0.03947645228486284,0.012544378223537413,0.009344401812719618
Nico Gomez - Lupita.mp3,224.04934240362812,0.12983502,[112.34714674],0.06151141959266024,2725.4263998873366,3088.0330382590714,5822.608697038221,20.905191255447303,-184.98495,131.39056,-20.428118,51.328922,-7.6641665,27.609386,-5.8501744,12.217091,-0.76672924,0.7018849,1.3687329,-2.913567,2.722888,0.5701224,0.5060077,0.4965691,0.43047854,0.43341887,0.44002888,0.51091194,0.45637444,0.48415342,0.55904794,0.50972897,0.52166027,0.06047663800007557,0.008381598925660027,-0.044410811692565666,-0.0025303181769531615,-0.019464615572212494,0.015199093329506417
Nightmares On Wax - Now is The Time-1.mp3,240.07111111111112,0.19660091,[103.359375],0.06436415339837516,2790.090791317319,3135.2599655795493,6018.663040176629,20.44518485642144,-136.65544,134.29292,-29.90159,42.259327,-13.736331,21.726887,-9.881778,11.723311,3.95727,1.4682332,1.3999565,2.9963799,2.63095,0.5627121,0.5909807,0.5352282,0.4971106,0.4741511,0.5268325,0.5470368,0.52728724,0.5692096,0.5633276,0.64206547,0.58537304,-0.021561739516671383,-0.01499996025635916,0.05504161480733061,-0.06608756344302985,0.022456653436264656,-0.011717924360514451
NOCHES DE CUMBIA - HERMANOS FLORES.mp3,215.1328798185941,0.16150197,[101.33272059],0.09236921092527386,3775.3609869394195,3780.693669015665,7999.274123322912,21.908374077191827,-102.855255,115.01089,-47.27094,47.82841,-21.974827,35.168056,-25.537287,19.948235,-17.159666,10.266984,-11.66659,10.808913,-2.7505226,0.48004195,0.4067509,0.4477094,0.39935276,0.35724965,0.3765606,0.39286545,0.40358704,0.32729805,0.39608127,0.41869038,0.49106368,0.02413337848107225,0.07357830649867642,0.08861809654514542,0.030130744966611524,0.002574772143636901,-0.009590969329431646
Nortec Collective Presents Bostich+Fussible - The Clap.mp3,163.58458049886622,0.19608875,[107.66601562],0.05199022342496984,2455.32504959991,2853.076231500722,4932.403973779807,20.38133949880814,-167.27997,129.17784,-18.772982,45.081585,0.5002735,25.46971,4.465664,12.717423,-3.6414144,5.7973685,-4.261364,-0.14632186,-0.7754495,0.6905128,0.5794799,0.4959764,0.48117676,0.4852304,0.5185277,0.4570097,0.4979321,0.47269526,0.4351238,0.4415804,0.5177522,-0.04217158067060362,0.09822104879313157,-0.03950715195075972,0.12248407566002081,0.0016988403137767783,0.03257322517604619
Organización Santa Martha de Ángel Estrada - Cumbia de las Locas.mp3,193.98637188208616,0.112792574,[90.66611842],0.06719602132458555,2986.136101355552,3252.820037888792,6146.531628024193,22.153380738243385,-193.32776,124.21586,-17.97952,66.854706,-8.453102,6.785102,-14.097341,11.835139,0.03394143,8.248699,3.9308054,10.100114,4.3278418,0.3488066,0.43593904,0.452154,0.4485609,0.3850524,0.46558926,0.44662032,0.54848546,0.4447201,0.43158904,0.56547874,0.4325651,-0.06506226417721094,0.08366200261192483,0.1105769289589975,-0.128857132250161,0.004530710761459442,0.041422912580578085
Pabllo Vittar - Não Vou Deitar.mp3,137.2226984126984,0.25654206,[93.96306818],0.06483970164445854,3468.052398054246,4024.1531988828774,7834.442417512691,22.674800024811155,-114.42702,109.290016,-5.455222,21.84232,-15.520585,18.28235,-18.024517,6.824772,-6.5530534,5.873822,-11.537468,12.314856,-5.231671,0.31718272,0.3353412,0.3687972,0.3167251,0.40168077,0.31583408,0.36994758,0.417893,0.34842506,0.44074816,0.34395984,0.3947876,0.14750376019203124,-0.0031863505096633884,0.046181384863006096,0.07811533550647333,0.012761328384977693,0.00816648888917825
Pancho Acosta y Su Guitarra - Egyptian Reggae.mp3,236.88537414965987,0.30789375,[105.46875],0.05214457987710743,2325.6339580673603,2694.4058946140003,4815.767272578293,20.96911348811609,-103.78462,169.4739,-11.831901,24.656006,-8.712897,9.908797,-11.612315,3.451796,-6.27603,3.6829991,-8.918811,0.19209485,-6.863922,0.4349834,0.378895,0.46264127,0.37526837,0.43287516,0.45348242,0.36487746,0.4444574,0.40702602,0.54174787,0.4190785,0.37268907,0.13108703529731033,0.05503067164696938,-0.07328103969627296,-0.01617575601071752,-0.00468117670617109,0.016249105916812123
Parov Stelar - Let's Roll (feat. Blaktroniks).mp3,196.0,0.20920908,[120.18531977],0.07196284608592964,3501.3930795355395,3739.636529574884,7485.576828970895,20.464142143153172,-100.77754,116.383026,-22.131083,53.697937,-10.515795,24.503145,-8.807853,13.1893,-8.608624,11.314895,-8.174678,3.2557342,-3.0095563,0.6258407,0.52030504,0.45372832,0.4828253,0.4776281,0.5574358,0.5424455,0.5804322,0.6044665,0.5959174,0.54802394,0.5271828,-0.05362145117174045,0.06382371975276632,-0.030396220803782435,0.05883265416178584,-0.03273523285879171,-0.010255309029966556
Pedro Laza y sus Pelayeros - Cumbia del Monte.mp3,158.33687074829933,0.16967018,[93.96306818],0.08437921728361683,3248.576687318754,2963.980645607134,6454.605660353582,24.09025718058599,-135.53897,126.92506,-58.178707,64.58054,-23.002773,26.579737,4.0886545,2.0166872,6.014396,5.7026153,4.340884,3.2348158,6.3417897,0.39700925,0.3423728,0.42811146,0.33678797,0.38928258,0.43428072,0.33684364,0.3666304,0.41779107,0.5861862,0.362642,0.3427043,0.06442215854704457,-0.026325708315859987,-0.22847301646574336,-0.0018803040297685827,0.010659221716622981,0.008475806495441825
Pedro Miguel y Sus Maracaibos - Arroz Con Coco.mp3,131.72,0.2604571,[105.46875],0.07132254415102239,2768.6973331568397,2761.241153014893,5429.026099678576,20.76674423725713,-84.05638,145.36855,-49.87427,43.7304,-20.26003,8.015463,-6.777003,0.7677747,-3.1836047,2.081875,-5.056058,-2.7254615,-0.02569949,0.3405082,0.25088573,0.3056213,0.3573002,0.5502937,0.369314,0.2984511,0.34020743,0.37281632,0.33330318,0.3484215,0.5208881,0.09776145414232024,-0.13650121308155827,0.1321116000252682,0.11031326753718236,0.013737801714994861,-0.0531523720250664
Pepe Arévalo Y Sus Mulatos - Urge.mp3,355.52,0.17397866,[112.34714674],0.05994377063977696,2759.103763661952,3019.112386211858,5488.8431513444175,23.22704829275932,-143.55568,128.13,-37.036415,44.293243,-3.905966,11.868444,-13.413743,3.874208,-2.8953469,1.1331251,-0.8658976,2.7631888,-0.5907444,0.31526652,0.35929862,0.44192052,0.33042333,0.41588396,0.38097328,0.2885705,0.32423243,0.37786868,0.52772105,0.44047976,0.31423327,0.09224109072551409,0.06775384492586363,-0.09585941910742377,-0.03961627237890123,-0.001155817338393415,-0.00013596439931347045
Perez Prado - Elisa (Raff) 1974.mp3,155.00482993197278,0.128178,[114.84375],0.06423509528066956,2575.7125277185,2748.423867723879,5447.064995237137,21.541675223783592,-192.22618,129.44493,-38.23056,57.508068,-7.5276785,24.226385,1.1160564,1.6721128,5.9528036,-6.2529454,6.3558326,-1.1974958,2.9503844,0.44218624,0.27977937,0.3411508,0.38737196,0.5371922,0.41969612,0.3857745,0.36218822,0.37425297,0.4445572,0.43840328,0.5430277,0.08190858553140186,-0.022651721223749574,0.03447913817715625,0.07434129567441311,0.01255026923656756,-0.004439205192306468
Polibio Mayorga - Jilguerito Alegre (feat. Olmedo Torres).mp3,145.89333333333335,0.09640574,[105.46875],0.07157215450186998,2898.188466063333,3016.0369833246737,5605.389032753193,21.77033284162568,-251.14427,115.29355,-36.820004,53.854095,16.437248,9.377461,5.7741294,8.88621,7.6144247,4.6316004,6.112417,2.158602,2.691906,0.44890198,0.42725086,0.5280063,0.49188858,0.42999795,0.5108481,0.48756978,0.5100025,0.53681535,0.60301524,0.5886309,0.4879287,0.028995851998126192,0.07738923726874726,-0.07957702913458879,-0.06883782247644477,0.004729076975589506,-0.025024252113863724
Prince Fatty - You Know I'm No Good (feat. Hollie Cook).mp3,266.34868480725623,0.17108195,[147.65625],0.049095677244518784,2409.0356650665467,2893.336381803096,4972.295551434732,21.2044907426802,-164.95253,147.49907,-19.151926,43.089695,-8.011084,19.155539,-4.6072283,2.1082249,7.6917815e-05,-2.5152972,1.4032044,1.7632985,-0.833485,0.45412987,0.38795403,0.38349986,0.391388,0.46707505,0.4424493,0.5087865,0.47909376,0.36122972,0.34606606,0.4162747,0.50041044,0.07353544997459605,-0.08335542837625054,0.06586962727585918,-0.030818129231343548,0.0029452089488686494,-0.004281665510043524
Puerto Rico y Su Combo - La Cumbia del Pescador.mp3,261.28256235827666,0.1788477,[90.66611842],0.05152289250644273,2332.862602146561,2660.5391673854892,5033.572323422088,22.15376148779672,-137.11717,162.43196,-44.359135,57.537457,-16.404558,20.789236,-5.372239,1.5412585,3.6162121,-4.2080927,5.50539,-4.2836823,7.507077,0.34815016,0.32035705,0.39308465,0.578172,0.4229055,0.33061644,0.3390789,0.40273818,0.46262863,0.42125157,0.518868,0.4375463,-0.021745689690429015,0.07786783121883788,0.13835288154415332,-0.03427496106799328,-0.009013263305775785,-0.01842961086428889
Quantic & Flowering Inferno - Chambacú.mp3,199.13433106575962,0.16671394,[166.70866935],0.038396817202165805,1995.2463186225882,2593.621406867526,4061.9168322642176,21.784174931060445,-187.08607,154.79158,-29.235924,20.574575,16.725296,25.822962,-2.6522014,15.173963,10.037151,6.892495,-2.1718922,5.312346,-2.017682,0.614914,0.4865743,0.5872947,0.5579128,0.46744248,0.4532874,0.5169944,0.72514683,0.5052784,0.43531114,0.4756316,0.50821036,0.02780200837053886,0.1124210302842405,0.11690439030398628,0.029602716520032515,0.012627540825482878,0.029972355858300815
Quantic - Sol Clap.mp3,231.09333333333333,0.2448961,[114.84375],0.07858965829879427,3481.264202145257,3341.9827078271737,6826.687451429446,21.841348708044276,-137.05273,92.95234,-32.047947,63.24887,-5.3999557,22.58486,7.124219,9.603204,-1.2436312,3.9664347,3.2370014,6.944013,4.7197976,0.5155866,0.5261321,0.6650032,0.5434348,0.5804356,0.58724016,0.5286935,0.48009107,0.47273347,0.527211,0.47978857,0.52067083,0.026453680661764664,0.03269810624075268,-0.0030969635683704977,-0.0730289793939556,-0.03949335517640438,0.002435452277923957
Raja Zahr - A Drummer And A Dancer.mp3,162.3685941043084,0.09876986,[132.51201923],0.06629316956465393,3177.794073410267,3686.199330994273,6945.1831714527025,19.53870220800924,-204.25647,123.25121,2.8143282,39.77077,-12.513875,15.752987,0.306699,9.470951,-1.8462042,5.0553174,-3.1851761,3.755003,-1.657472,0.6431406,0.5323344,0.5041122,0.53490937,0.53321254,0.51445585,0.5018888,0.5461415,0.56766635,0.5268027,0.5821648,0.64484835,-0.0034660902887435037,-0.01408012112161996,0.045296060758082506,0.019527706849588107,0.004973639014972267,-0.009047996360983338
Ray Pérez - Pa' Puerto Rico.mp3,224.88526077097507,0.10451922,[101.33272059],0.10622182886144237,4186.106945889789,3934.833558982371,8890.144817700268,22.653748867292187,-147.23886,104.31142,-32.446697,51.990803,-26.207415,34.29666,-23.267996,19.475962,-14.090164,4.693297,-11.381338,0.8722851,-3.0463984,0.45496747,0.40130496,0.4458393,0.4087289,0.38355651,0.50247294,0.4490094,0.50293165,0.4005115,0.4173089,0.40362725,0.38180223,0.021240279814077324,0.059455433606893725,0.008570019227809925,-0.038665567915991524,0.008791159291324372,-0.004203418899157021
Rhythms Del Mundo - Clocks (feat. Coldplay).mp3,301.68,0.1975515,[132.51201923],0.04042654942154127,2178.2512056968562,2785.8809916702203,4532.438861963633,22.68137721527675,-160.87619,153.14876,-13.181231,43.541466,-0.35575166,19.205704,-2.1581042,8.457669,-5.8964396,4.331657,-7.794864,0.39159548,-1.6616662,0.3939451,0.41880825,0.35435343,0.39795393,0.39310426,0.5455972,0.4219925,0.39141423,0.4285647,0.38414094,0.43954915,0.36582682,-0.2226990486595848,0.1058684957739679,-0.07340850102289048,-0.03612733118390001,0.00874791562674343,-0.03711013099300665
Roberto Torres - Caballo Viejo.mp3,245.44,0.06368293,[93.96306818],0.06905924248202545,3044.445985708583,3208.8165161237434,6356.374221743295,23.026955770422557,-233.72844,122.75727,-39.197918,51.750893,-4.80413,29.607529,-7.4576,17.230711,-0.38271093,-2.698535,6.3790264,-0.7466551,5.2863345,0.39622074,0.388446,0.42069465,0.3915803,0.49091974,0.4774093,0.3847298,0.4103988,0.4259615,0.5439464,0.50203216,0.42348242,0.19239875788792035,0.03207258774623523,-0.09876652478437481,-0.027968727737785182,-0.003658908596721754,0.004271074651132915
Roger Damawuzan - Loxo Nye (Pushin Wood Edit).mp3,333.82403628117913,0.15464245,[123.046875],0.0426051456971204,2235.3667319347774,2711.020984571225,5004.848408319277,21.46652658980359,-167.7526,155.39677,-22.382963,46.45956,-13.0671425,24.547205,11.437004,-5.7354994,7.2239656,3.617,0.18393679,4.544942,-0.199137,0.6086605,0.54891634,0.49511844,0.47495434,0.4836354,0.47273725,0.43295813,0.5334019,0.44064203,0.40139684,0.444819,0.49917188,-0.029439403148316803,0.10533308920056919,0.04202879908717942,0.09589380504172963,0.016934199045309763,0.031072186623510037
Röyksopp - Eple.mp3,218.36045351473922,0.23330064,[105.46875],0.07643017679368919,3364.2628670006347,3440.1939205541385,7058.452099373139,21.427745935013313,-113.5545,116.87021,-29.872246,46.492226,-26.795639,26.31097,-4.601045,26.282726,-3.9323559,9.635787,-6.464332,4.4572954,7.822424,0.41771597,0.49771073,0.403937,0.5023703,0.41034454,0.48365045,0.37803984,0.3541863,0.3536897,0.3259207,0.3368853,0.3755401,-0.08333622552411397,-0.037860896736166584,-0.014640878244607787,0.07361730557261174,-0.008455365677266034,0.004472120663525257
Röyksopp - So Easy.mp3,249.36,0.18292753,[103.359375],0.051161504223602126,2710.588023221232,3297.777376337232,5910.822653085572,19.985785689651227,-161.0043,139.7027,-12.885342,27.183685,-3.5589907,24.129738,-10.224336,20.009027,1.1356797,12.388595,-1.3779131,6.3458376,1.7009177,0.56649095,0.53571504,0.51230824,0.5238958,0.47526136,0.45769784,0.41870397,0.44955766,0.508479,0.5438772,0.5800547,0.5407033,8.772307081394257e-05,0.03870899474029356,-0.008412016494334668,0.0352429296645142,0.016066904366981372,0.024579998130273454
Saint Etienne - Only Love Can Break Your Heart-1.mp3,269.2818140589569,0.16243692,[101.33272059],0.07022543247467126,3176.238204614634,3240.057679196053,6465.41316866849,21.67297847868516,-127.52543,126.305695,-53.71793,50.60336,-10.231595,31.316631,-4.6601353,20.027504,0.49089232,12.6075325,4.8039207,11.136537,5.531997,0.5478329,0.5660074,0.632527,0.5307404,0.5302737,0.48503706,0.44853908,0.5137528,0.57506037,0.78169477,0.5687986,0.52648413,0.12396822163084706,0.07045233592618104,-0.018673990078822127,-0.07123064536851853,-0.00042841687511282946,0.013399830288332023
Sampa The Great - Final Form.mp3,216.778231292517,0.20250866,[95.703125],0.07810088928274957,3315.041806276693,3483.976643771535,6848.01066185331,21.898486840284455,-115.56151,120.100006,-31.236553,43.75093,-7.4529376,15.395348,-6.526106,20.44469,-2.2805996,7.8651247,-1.1328163,13.455447,4.366946,0.46119896,0.40508223,0.4947985,0.5059469,0.64719236,0.5326428,0.49099874,0.63013387,0.48896274,0.4359343,0.46054706,0.53434664,0.09633408002209304,-0.029989090073109008,0.038245063183971625,0.08086646582116072,0.03434537583908409,-0.02952004691212112
Santana - Maria Maria (feat. The Product G&B).mp3,262.01396825396824,0.19523786,[97.50884434],0.04121866986380655,2128.626760618209,2757.9386595369465,4501.0367230597,21.578549521421447,-184.14732,141.3459,-12.087266,40.896618,5.412825,16.173624,1.98124,9.854551,-0.0970586,1.9822785,2.590139,4.4617615,4.3937993,0.5776599,0.51188695,0.48452228,0.4794855,0.53388417,0.46465445,0.41268292,0.44691166,0.44544068,0.49698344,0.46306795,0.49158922,0.07998249485870115,0.009642517301683733,0.03588503826950734,0.037528731784890135,0.030113984940378088,0.007770768342201053
Santigold - Shove It (feat. Spank Rock).mp3,226.13333333333333,0.20663364,[132.51201923],0.05787697077311582,2969.6985606869653,3305.0515497696542,6147.434319929856,20.84061424431272,-125.18439,122.44065,-36.583202,29.180094,-1.7994553,15.149187,-8.022975,14.998159,-1.8940506,7.471991,5.3498554,9.985791,0.28366643,0.50513846,0.5260105,0.5286626,0.5785192,0.57061297,0.6450019,0.51941466,0.45745045,0.481509,0.50187874,0.6292764,0.5050536,-0.14268564538377398,0.020051045370142802,0.05760285552985645,-0.07015136523901043,0.02022065714147291,0.020974107336200143
"Selling, Gold Panda & Jas Shaw - Keeping Txme.mp3",286.32,0.21977724,[126.04801829],0.024473677082910955,1160.549356852932,1867.7401780331195,2141.34354876366,22.349514809551383,-238.47308,174.71625,31.86281,30.122416,-6.5494866,4.8489637,6.6955743,1.0710995,5.054402,7.500039,3.4966538,6.195445,3.766558,0.48410076,0.63075703,0.47134873,0.50244766,0.45117968,0.46274182,0.5568849,0.43819863,0.58608276,0.36536187,0.41028997,0.45091107,-0.07628613631768073,-0.047101879442112214,0.0013699081755109608,0.012679980762477944,0.009358982905388807,-0.002618183494678559
Shams Dinn - Ane Dassi M'we.mp3,229.0,0.14830194,[147.65625],0.06422548320659062,2977.970008000373,3196.582838235839,6203.7589413022815,20.065785865189138,-166.56892,123.4138,-15.7761755,46.132366,-1.9209242,21.399757,-7.2133856,6.9584293,-2.1302655,2.7276435,0.58179915,1.0965534,0.7280256,0.5082335,0.45658398,0.44523388,0.4237894,0.4835695,0.4711088,0.5976488,0.66676,0.5819077,0.58241266,0.48340285,0.47382995,0.089447825247072,0.015861326853805605,0.07486169008536946,0.05958206369972424,0.035598469458084425,-0.00592365977882864
Solange - Losing You.mp3,260.458231292517,0.26954082,[117.45383523],0.046682277447347896,2465.411176885085,3030.788466133494,5130.132315839509,21.299451413314824,-109.06639,144.7534,-23.19871,42.373615,-3.94748,25.367228,-8.179057,19.50358,-0.37278715,7.2431636,4.0939803,8.727524,0.9571735,0.6402075,0.59748614,0.6296876,0.5792335,0.6208081,0.57915527,0.5110672,0.55681825,0.5115686,0.5450372,0.50642717,0.5324023,0.12375106952650093,0.11883100025511971,-0.06745369183279432,0.04113120179698501,-0.010829476539756001,0.012655958990023248
Son Palenque - Cumbia Africana.mp3,206.47183673469388,0.13033177,[120.18531977],0.08942111285844813,3576.938421640475,3490.443876242715,7642.285738288937,21.619902108393106,-146.37433,122.9257,-29.302443,68.140785,-36.851067,30.492329,-5.0588393,15.3459635,0.785765,-0.4546025,-2.2684302,1.1474975,0.23206568,0.58628464,0.3996037,0.30637497,0.3091319,0.39813742,0.53099775,0.36238754,0.2880345,0.3635484,0.36436924,0.52396274,0.58823955,-0.04286384670944394,0.03811410387057822,0.023515837224251913,0.07367280441598684,-0.005639032706182254,-0.038448995780880194
Sonia López - La Pollera Amarilla.mp3,138.69333333333333,0.12974647,[103.359375],0.059153391345630704,2414.2325846075096,2572.410420463756,4634.068956739924,21.523255572343665,-169.71637,158.36267,-51.804264,34.189835,-18.765987,6.6977,-14.860413,-0.18005615,-6.214709,-8.474206,-3.6336315,-6.0497627,-4.253031,0.32782418,0.2905793,0.42219493,0.40928492,0.26806715,0.27216518,0.3334749,0.4999165,0.3461532,0.25141105,0.23733829,0.28786907,0.038441488703544587,0.11948932701646878,0.155301605017468,0.0003444739274640854,0.000444806625217295,0.013831442166173998
Sonora Ponceña - Ahora Sí.mp3,413.6933333333333,0.14180292,[114.84375],0.07673330320121095,2944.110411519707,2969.612075793357,5485.589085915794,22.9161715403376,-165.89282,129.6746,-45.963737,49.383934,-0.82823664,6.909837,-3.4608223,13.019491,-3.9633906,-0.84801924,-2.560091,7.428774,-2.4096744,0.46230045,0.36660782,0.38141897,0.39604744,0.34427112,0.3664923,0.38530797,0.53976226,0.46052998,0.42527238,0.42570376,0.43280095,-0.004766362101505279,0.16433051187633008,0.12195469524803211,0.05408988193456131,0.001721533940860743,-0.003022753080972299
Stereo MC's - Connected.mp3,313.0514285714286,0.10450976,[101.33272059],0.09377297900635083,3579.8565003209724,3463.6101597629386,7229.442544516619,20.48727746855462,-158.48372,115.77749,-38.36924,66.54595,-19.469534,24.088211,-3.7067733,13.780506,-11.031803,12.465363,0.71902376,5.7043715,6.2088485,0.48057786,0.5286646,0.50874436,0.57531375,0.685966,0.6147483,0.6145177,0.4856117,0.48974046,0.55045956,0.483023,0.4965481,0.01727223337865484,-0.08979106923012783,-0.09256743909126253,-0.034904487806427784,0.010720863809243208,0.025219023989941098
Such A Funny Way.mp3,232.8497052154195,0.23406316,[117.45383523],0.04944954730580346,2439.3125563823096,3001.674606011981,5147.640126518329,22.051750194241365,-134.23892,137.6919,-18.367527,49.566444,-4.055057,23.106714,-11.15098,12.672668,-2.8635178,0.35675487,6.916058,-1.5755986,3.126482,0.3853202,0.48986658,0.5369569,0.41910443,0.45289582,0.4257814,0.51805335,0.4304732,0.39851817,0.45731944,0.3763774,0.41849765,0.12764518292619345,-0.0179164255330864,0.04017782248441456,-0.07011268909044276,-0.004886424095534107,-0.016958051809850737
Tamba Fuego - Mascaras.mp3,318.56621315192746,0.1434131,[105.46875],0.0819167957361516,3430.7225951183914,3508.1040648915687,6896.764787946428,21.762854853821118,-120.04116,125.98622,-43.910477,41.34039,-18.707138,30.111526,-21.18521,13.6382885,-10.1060295,10.904326,-6.444038,8.400599,-3.5630846,0.46792296,0.40097067,0.43565917,0.32060453,0.44393605,0.40961868,0.31094927,0.36504042,0.34573478,0.44368705,0.35477233,0.43324906,0.007532516470046991,0.07472260414955235,-0.050363634894557884,0.01733233170358479,0.004239306019815322,0.004146434816959662
Tania - Pena Que Yo Siento.mp3,205.4018820861678,0.17534137,[86.1328125],0.06386085077294823,2887.959063240636,3193.8921551053154,6153.256412569063,23.171278392673553,-158.62543,132.77142,-27.46149,45.393627,-16.022463,30.106157,-12.821831,16.957743,1.8924567,-2.2266922,6.4064326,0.28821844,-2.068462,0.56875354,0.42948717,0.34919932,0.33504298,0.45669293,0.37351957,0.309721,0.29112586,0.28284857,0.33965006,0.31095052,0.46082598,0.11149117336126241,-0.018020144479596007,0.03642520233097025,0.10780755063002895,0.004408946835265811,0.01166164377603745
Tariq Trotter & El Michels Affair - Grateful (Instrumental).mp3,171.80444444444444,0.27118936,[139.67483108],0.05118533003708021,2281.3184108206383,2584.3578424068855,4631.33379868361,21.977142364431465,-134.91763,147.62624,-34.208427,46.524593,-5.087779,19.201496,-2.4033575,-1.5980595,3.6432323,-1.1160114,6.271267,5.760405,5.163778,0.3902859,0.38867283,0.4234332,0.50405157,0.55342656,0.5517646,0.46755648,0.4439334,0.44983643,0.443898,0.47097027,0.40519077,0.07821731106356736,-0.05076575726888259,-0.04714780893740725,0.14063548363573533,0.0476222141235959,-0.03176496089435642
The Comet Is Coming - Final Eclipse.mp3,274.9866666666667,0.18493009,[123.046875],0.04272526904738031,2143.508428096589,2813.9996339954773,4381.735011748765,21.059288075540113,-158.88264,156.38838,-19.827755,24.710236,1.5279562,17.939661,-3.1610365,2.864755,-2.0913954,3.364496,-0.22157505,-1.4989707,-6.7547417,0.61424387,0.504251,0.5361005,0.50258964,0.42803326,0.40895545,0.44714755,0.5218441,0.40764594,0.41982973,0.47128376,0.5245706,-0.03502894470051123,0.07314422946969204,0.1081324862026269,0.045794099516829084,0.010468500209254085,0.026209490510503676
Tommy Olivencia - Lo Dudo.mp3,314.2,0.21753089,[126.04801829],0.05127239999030041,2311.1645620758604,2704.065539382603,4571.8993247526605,22.499984557665737,-124.17612,156.83505,-36.4504,43.531265,-2.695569,10.304064,-12.16148,4.7923923,-7.2817683,-2.78165,-1.3038605,1.3850038,-2.168096,0.51729953,0.47373754,0.39089707,0.2953595,0.37129077,0.33093312,0.27889243,0.28762266,0.33275372,0.39732456,0.33887804,0.46276295,0.13126759815969882,-0.0042640967960474035,-0.08571529848114903,0.0788589345476365,0.009113446554961699,-0.0015822601926330992
Tommy Olivencia - Lobo Domesticado.mp3,290.4533333333333,0.23764415,[97.50884434],0.060722217503397555,3288.5881530269116,3908.9511600947917,7111.37949426413,22.414087527091446,-89.251625,125.55078,-19.776844,24.485378,-4.352587,16.727531,-10.684316,17.429083,-6.7275076,10.744892,-8.069141,11.844236,-3.1165867,0.4224093,0.4362904,0.42295027,0.34651184,0.4143826,0.36240777,0.44159666,0.4263337,0.42951974,0.5403617,0.42849782,0.49178353,0.1942914089218211,0.023186369748361316,0.006172532625201518,-0.06368058494639371,-0.008393797828313483,0.0006814831811835356
Trio Ternura - A Gira.mp3,183.05356009070294,0.1397124,[109.95678191],0.09634442189382889,4186.292244325023,4387.397055009107,9319.848098604878,21.632215952033448,-130.28989,110.713234,-8.727397,37.22,-10.27875,32.683014,-21.47427,18.830591,-14.185848,6.5937986,-9.909237,9.134533,-9.031414,0.4367067,0.38612124,0.39277562,0.4328367,0.36039975,0.36259174,0.44025356,0.48408118,0.54107714,0.41683623,0.36671463,0.47571105,-0.030314703457689333,-0.08096943013477408,0.030465783398526836,0.1029151495794896,-0.02112107228293948,-0.010435257886271854
Vicentico Valdés & Miguelito Valdés - Yo No Soy Guapo (feat. La Sonora Matancera).mp3,186.41333333333333,0.17207636,[103.359375],0.04125743931774304,1773.497818158596,2220.905435011126,3442.7215958188017,21.645773648232076,-182.74335,170.98222,-23.84608,34.753174,13.754932,7.740327,3.1647716,11.218301,-12.420207,3.7992697,-6.127457,-2.9741523,2.0981383,0.53963614,0.42597952,0.4624531,0.45961845,0.32428083,0.29921085,0.33601078,0.41478255,0.3854533,0.40604147,0.44264966,0.5338583,0.03457254751345714,0.09088137387037455,0.10213058247548167,0.07370856020950306,-0.015486709584458181,0.00909583848430462
Willie Colón - El Dia De Mi Suerte.mp3,356.902358276644,0.19384369,[132.51201923],0.06922140376459729,2785.760904151507,2937.328053133038,5659.2874931130455,21.665566931075794,-106.581795,146.1001,-50.82533,54.085377,-10.840819,23.642385,-16.62657,6.7354007,-3.4640186,1.844513,-2.635855,4.762663,-4.9644513,0.49241278,0.4325923,0.52592075,0.44811302,0.37097126,0.40125486,0.44068956,0.47908852,0.36347973,0.42548192,0.44694507,0.4425768,-0.03287497052862907,0.05728401751920978,0.11379718215372728,0.0683362950093829,-0.0031320118043671216,0.0024287518006933695
Zaperoko - No Quedo Ni El Gato.mp3,366.8,0.11462194,[97.50884434],0.052528145177881874,2449.819927057448,2953.0520525272646,5044.973089357354,22.53663422939186,-182.40685,146.38501,-30.212292,50.820217,-1.6203543,17.411642,-3.4773855,9.915423,-0.085707515,3.8771775,-6.038707,4.4263077,1.3885335,0.5826672,0.45182058,0.40685686,0.3542529,0.42632613,0.42879865,0.33398473,0.4012396,0.38327813,0.4283679,0.41867688,0.44355965,0.13175937791540684,0.11806679790652494,0.0008718618961370928,0.02905546433447441,-0.010821854376165755,0.02332482470555359
Zohra - Badala Zamana (Habibi Funk 015).mp3,190.12501133786847,0.18604468,[112.34714674],0.07455682297391159,3148.6201996346567,3568.9319721021225,6419.682000910194,21.436221424561996,-107.136246,132.51936,-28.230762,30.286484,-13.267225,15.565527,-8.750541,13.118463,-5.589178,2.3367376,-7.164422,8.100781,-6.4567575,0.313117,0.39651418,0.45271537,0.35472053,0.3898225,0.4503725,0.6122232,0.34060115,0.27526438,0.41050524,0.37998483,0.39203134,0.04215987769573062,-0.023677437908952683,0.01440566639934722,-0.07899720673594637,-0.0017932254279662148,0.008893789146713389
